Program Name,Discipline,Program Type,New Positions Awarded,Expanded Positions Awarded,Existing Positions Awarded,Positions Awarded,Award Amount,Awarded Yes/No,Cycle,County,Tier Level,Address,Latitude,Longitude,Counts,Info
LA County-Harbor-UCLA Family Medicine Residency Program,FM,Existing,,,1,1,225000,Yes,FY18/19,Los Angeles,Tier 2,"1000 West Carson Street, Torrance, California 90502",33.83000478,-118.294114,2,
Family Health Centers of San Diego Family Medicine Residency Program ,FM,Existing,,,1,1,225000,Yes,FY18/19,San Diego,Tier 2,"823 Gateway Center Way, San Diego, California 92102",32.71552625,-117.1125834,3,
Stanford Health Care-Sponsored Stanford University Family Medicine Residency Program ,FM,Existing,,,1,1,225000,Yes,FY18/19,Santa Clara,Tier 3,"455 O'Connor Drive, Suite 250, San Jose, California 95128",37.44074025,-122.1489488,3,
Sutter-Santa Rosa Family Medicine Residency,FM,Existing,,,1,1,225000,Yes,FY18/19,Sonoma,Tier 2,"1355 N Dutton Ave, Ste 200, Santa Rosa CA, 95401",38.44865312,-122.7330868,1,
John Muir Health Family Medicine Residency Program ,FM,New,1,,,1,225000,Yes,FY18/19,Contra Costa,Tier 2,"1450 Treat Boulevard, Walnut Creek, California 94597",37.92626927,-122.0521587,2,
UC Riverside School of Medicine/Desert Regional Medical Center Family Medicine Residency Program,FM,Existing,,,1,1,225000,Yes,FY18/19,Riverside,Tier 1,"92521 Ucr Botanic Gardens Rd, Riverside, CA 92507",33.97410666,-117.3233381,2,
Scripps Mercy Hospital Family Medicine Residency Program ,FM,Existing,,1,,1,225000,Yes,FY18/19,San Diego,Tier 2,"435 H Street CV-112, Chula Vista, California 91910",32.75171898,-117.1598214,2,
Shasta Community Health Center Family Medicine Residency Program,FM,Existing,,,1,1,225000,Yes,FY18/19,Shasta,Tier 2,"1035 Placer Street, Redding, California 96001",40.58336723,-122.384003,3,
Emanate Health (Citrus Valley Health Partners) Family Medicine Residency Program,FM,New,1,,,1,225000,Yes,FY18/19,Los Angeles,Tier 2,"1135 S Sunset Ave Suite 401, West Covina, CA 91790",34.06224398,-117.9457534,2,
Ventura County Medical Center Family Medicine Residency Program ,FM,Existing,,,1,1,225000,Yes,FY18/19,Ventura,Tier 2,"300 Hillmont St, Suite 120, Ventura, California 93003",34.27666743,-119.2522865,4,
Adventist Health Hanford Family Medicine Residency Program,FM,Existing,,,1,1,225000,Yes,FY18/19,Kings,Tier 1,"1025 N Douty St Ste 105, Hanford, CA 93230",36.33705706,-119.6442261,4,
Riverside University Health System/UCR Family Medicine Residency Program ,FM,Existing,,,1,1,225000,Yes,FY18/19,Riverside,Tier 1,"26520 Cactus Ave, Moreno Valley, California 92555",33.91231134,-117.1951568,2,
Adventist Health Ukiah Valley Family Medicine Residency Program ,FM,New,1,,,1,225000,Yes,FY18/19,Mendocino,Tier 2,"260 Hospital Dr Suite 204, Ukiah, CA 95482",39.15318018,-123.2024636,2,
Family Medicine Residency Program (Charles R Drew University of Medicine and Science),FM,New,1,,,1,225000,Yes,FY18/19,Los Angeles,Tier 2,"1731 E 120th St, Los Angeles, CA 90059",33.92559882,-118.242629,1,
Valley Consortium for Medical Education Family Medicine Family Medicine Residency Program ,FM,Existing,,,1,1,225000,Yes,FY18/19,Stanislaus,Tier 2,"1400 Florida Ave, Suite 102, Modesto, California 95350",37.66415102,-120.9948597,3,
UCSF (Fresno) Family Medicine Residency Program,FM,Existing,,,1,1,225000,Yes,FY18/19,Fresno,Tier 1,"155 N Fresno St., Fresno, California 93701",36.74381414,-119.7823593,2,
Loma Linda University of Health Family Medicine Residency,FM,Existing,,,1,1,225000,Yes,FY18/19,San Bernardino,Tier 1,"1200 California St Suite 240, Redlands, California 92374",34.04953609,-117.262923,1,
Arrowhead Regional Medical Center Family Medicine Residency Program ,FM,Existing,,1,,1,225000,Yes,FY18/19,San Bernardino,Tier 1,"400 N. Pepper Ave., Colton, California 92324",34.07422886,-117.3506422,2,
San Joaquin General Hospital Family Medicine Residency Program ,FM,Existing,,,1,1,225000,Yes,FY18/19,San Joaquin,Tier 1,"500 W. Hospital Rd, French Camp, California 95231",37.88631135,-121.2826046,3,
Mercy Medical Center (Merced) Family Medicine Residency Program ,FM,Existing,,,1,1,225000,Yes,FY18/19,Merced,Tier 1,"315 Mercy Avenue, Ste. 301, Merced, California 95340",37.34006954,-120.4663914,3,
Clinica Sierra Vista - Bakersfield Family Medicine Residency Program ,FM,Existing,,2,,2,450000,Yes,FY18/19,Kern,Tier 1,"7800 Niles St, Bakersfield, California 93306",35.3769903,-118.9174781,3,
Saint Agnes Medical Center Family Medicine Residency Program,FM,New,2,,,2,450000,Yes,FY18/19,Fresno,Tier 1,"1303 E Herndon Ave, Fresno, CA 93720",36.83549414,-119.7651952,1,
St. Joseph Hospital - Eureka Family Medicine Residency Program,FM,New,2,,,2,450000,Yes,FY18/19,Humboldt,Tier 2,"2350 Buhne Street Suite A, Eureka, CA 95501",40.78524995,-124.1422548,1,
St. Joseph's Medical Center Family Medicine Program ,FM,New,4,,,4,900000,Yes,FY18/19,San Joaquin,Tier 1,"1800 N. California Street, Stockton, CA 95204",37.97018788,-121.2881978,1,
"Valley Health Team, Inc. Family Medicine Residency Program ",FM,New,3,,,3,675000,Yes,FY18/19,Fresno,Tier 1,"4711 W. Ashlan Avenue, Fresno, California 93722",36.79314417,-119.877368,3,
Riverside Community Hospital/University of California Riverside School of Medicine Family Medicine Residency Program ,FM,New,4,,,4,900000,Yes,FY18/19,Riverside,Tier 1,"4445 Magnolia Ave, Riverside, California 92501",33.97726577,-117.3809471,3,
University of California Davis Health Internal Medicine Residency Program ,IM,Existing,,1,,1,225000,Yes,FY18/19,Sacramento,Tier 2,"4150 V Street #1100, Sacramento, California 95817",38.55194451,-121.4484522,3,
UC Riverside Internal Medicine Residency Program,IM,Existing,,,1,1,225000,Yes,FY18/19,Riverside,Tier 1,"26520 Cactus Ave, Moreno Valley, California 92555",33.91231134,-117.1951568,2,
"Eisenhower Health Internal Medicine Residency Program	",IM,Existing,,,1,1,225000,Yes,FY18/19,Riverside,Tier 1,"39000 Bob Hope Drive, AHSB, GME Office, Suite 201, Rancho Mirage, California 92270",33.76371856,-116.4045582,1,
"Cedars-Sinai Internal Medicine Residency Training Program/Primary Care Track	",IM,Existing,,,1,1,225000,Yes,FY18/19,Los Angeles,Tier 2,"8700 Beverly Blvd #2900A, Los Angeles, CA 90048",34.07615366,-118.3799765,1,
College Medical Center Long Beach,IM,Existing,,1,,1,225000,Yes,FY18/19,Los Angeles,Tier 2,"2776 Pacific Ave, Long Beach, California 90806",33.80748499,-118.1915789,1,
Alameda Health System-Highland Hospital Internal Medicine Residency Program,IM,Existing,,,1,1,225000,Yes,FY18/19,Alameda,Tier 3,"1411 East 31st Street, Oakland, California 94602",37.79814051,-122.2298755,1,
"UCSF Fresno Internal Medicine Residency Training Program	",IM,Expanding,,1,,1,225000,Yes,FY18/19,Fresno,Tier 1,"155 N Fresno St., Fresno, California 93701",36.74381414,-119.7823593,1,
Internal Medicine Residency Program (Opti-West),IM,Existing,,,1,1,225000,Yes,FY18/19,Riverside,Tier 1,"1117 E Devonshire Ave Ste 209, Hemet, CA 92543",33.75048675,-116.9600981,1,
Kern Medical Internal Medicine Residency ,IM,Existing,,,3,3,675000,Yes,FY18/19,Kern,Tier 1,"1700 Mount Vernon, Bakersfield, California 93306",35.38273862,-118.968872,1,
San Joaquin General Hospital Internal Medicine Residency Program ,IM,Existing,,,3,3,675000,Yes,FY18/19,San Joaquin,Tier 1,"500 W. Hospital Rd, French Camp, California 95231",37.88631135,-121.2826046,3,
Arrowhead Regional Medical Center Internal Medicine Residency Program ,IM,Existing,,,3,3,675000,Yes,FY18/19,San Bernardino,Tier 1,"400 N. Pepper Ave., Colton, California 92324",34.07422886,-117.3506422,3,
Loma Linda University Health Internal Medicine Residency ,IM,Expanding,,3,,3,675000,Yes,FY18/19,San Bernardino,Tier 1,"11234 Anderson St, Loma Linda, CA 92354",34.04959411,-117.264113,1,
St. Agnes Medical Center (Fresno) Internal Medicine Residency Program ,IM,New,5,,,5,1225000,Yes,FY18/19,Fresno,Tier 1,"1313 E. Herndon Avenue, Fresno, California 93720",36.83537392,-119.7652381,3,
Riverside Community Hospital/University of California Riverside School of Medicine Internal Medicine Residency Program ,IM,New,5,,,5,1225000,Yes,FY18/19,Riverside,Tier 1,"4445 Magnolia Ave, Riverside, California 92501",33.97726577,-117.3809471,3,
UCSF Obstetrics and Gynecology Residency Program,OBGYN,Existing,,1,,1,300000,Yes,FY18/19,San Francisco,Tier 3,"1825 Fourth St Third Floor, San Francisco, CA 94158",37.76654371,-122.3900553,3,
Marian Regional Medical Center Obstetrics and Gynecology Residency Program,OBGYN,New,,,1,1,300000,Yes,FY18/19,Santa Barbara,Tier 2,"1400 East Church Street, Santa Maria, California 93454",34.9513285,-120.411754,3,
Santa Clara Valley Medical Center Obstetrics and Gynecology Residency Program,OBGYN,Existing,,,1,1,300000,Yes,FY18/19,Santa Clara,Tier 3,"751 South Bascom Avenue, San Jose, California 95128",37.31353744,-121.9327424,2,
Los Angeles County-Harbor-UCLA Medical Center Obstetrics and Gynecology Residency Program ,OBGYN,Existing,,,1,1,300000,Yes,FY18/19,Los Angeles,Tier 2,"1000 West Carson Street, Torrance, California 90502",33.83000478,-118.294114,2,
"Kaiser Permanente Oakland Obstetrics and Gynecology Residency Training Program	",OBGYN,Existing,,1,,1,300000,Yes,FY18/19,Alameda,Tier 3,"3600 Broadway, Oakland, CA 94611",37.82364093,-122.2574698,1,
Kern Medical Center Obstetrics and Gynecology Residency Program ,OBGYN,Existing,,1,,1,300000,Yes,FY18/19,Kern,Tier 1,"1700 Mount Vernon, Bakersfield, California 93306",35.38273862,-118.968872,3,
Loma Linda University Health Education Consortium Obstetrics and Gynecology Residency Program ,OBGYN,Existing,,,5,5,1500000,Yes,FY18/19,San Bernardino,Tier 1,"11175 Campus St CP-11105, Loma Linda, California 92350",34.04953609,-117.262923,2,
Arrowhead Regional Medical Center Obstetrics and Gynecology Residency Program ,OBGYN,Existing,,,3,3,900000,Yes,FY18/19,San Bernardino,Tier 1,"400 N. Pepper Ave., Colton, California 92324",34.07422886,-117.3506422,3,
UCSF Fresno Obstetrics and Gynecology Residency Training Program,OBGYN,Existing,,,5,5,1500000,Yes,FY18/19,Fresno,Tier 1,"155 N Fresno St., Fresno, California 93701",36.74381414,-119.7823593,2,
UC Davis Health Pediatric Residency,Peds,Existing,,,2,2,450000,Yes,FY18/19,Sacramento,Tier 2,"Glassrock Building, 2521 Stockton Blvd, Sacramento, CA 95817",38.55218853,-121.4548441,2,
UC Irvine - Children's Hospital Orange County Pediatric Residency Program,Peds,Existing,,,2,2,450000,Yes,FY18/19,Orange,Tier 2,"1201 W La Veta Ave, Orange, CA 92868",33.78081235,-117.8657827,3,
USC/LAC+USC Pediatric Residency Program,Peds,Existing,,,2,2,450000,Yes,FY18/19,Los Angeles,Tier 2,"2020 Zonal Ave, Los Angeles, CA 90033",34.05924404,-118.2062552,1,
UCSF Benioff Children's Hospital Oakland Pediatric Residency Program,Peds,Existing,,,3,3,675000,Yes,FY18/19,Alameda,Tier 3,"747 52nd St, Oakland, CA 94609",37.83742733,-122.2664274,4,
Los Angeles County-Harbor-UCLA Medical Center Pediatric Residency Program ,Peds,Existing,,,3,3,675000,Yes,FY18/19,Los Angeles,Tier 2,"1000 West Carson Street, Torrance, California 90502",33.83000478,-118.294114,3,
UCSF Pediatric Leadership for the Under-Served (PLUS) Program,Peds,Existing,,1,1,2,450000,Yes,FY18/19,San Francisco,Tier 3,"505 Parnassus Avenue, M24, Box 0203, San Francisco, California 94143",37.75550552,-122.4047705,3,
Children's Hospital of Los Angeles Pediatric Residency Program ,Peds,Expanding,,4,,4,900000,Yes,FY18/19,Los Angeles,Tier 2,"4650 Sunset Blvd, Los Angeles, California 90027",34.09781655,-118.2891695,3,
University of California (San Francisco)/Fresno  Pediatric Residency Program ,Peds,Existing,,,5,5,1125000,Yes,FY18/19,Fresno,Tier 1,"155 N Fresno St., Fresno, California 93701",36.74381414,-119.7823593,3,
"Loma Linda University Children’s Hospital Residency Program	",Peds,Existing,,,5,5,1125000,Yes,FY18/19,San Bernardino,Tier 1,"11234 Anderson St, Loma Linda, CA 92354",34.04959411,-117.264113,1,
Valley Children's Healthcare Pediatric Residency Program ,Peds,New,5,,,5,1295000,Yes,FY18/19,Madera,Tier 1,"9300 Valley Children's Place, Madera, California 93636",36.88424254,-119.799721,3,
LA County-Harbor-UCLA Emergency Medicine Residency Program,EM,Existing,,,2,2,600000,Yes,FY18/19,Los Angeles,Tier 2,"1000 West Carson Street, Torrance, California 90502",33.83000478,-118.294114,2,
Alameda Health System-Highland Hospital Emergency Medicine Residency Program ,EM,Existing,,,2,2,600000,Yes,FY18/19,Alameda,Tier 3,"1411 East 31st Street, Oakland, California 94602",37.79814051,-122.2298755,3,
Desert Regional Medical Center Emergency Medicine Residency Program,EM,New,2,,,2,450000,Yes,FY18/19,Riverside,Tier 1,"1150 N Indian Canyon Drive, Palm Springs, California 92262",33.83897159,-116.5426436,3,
Kern Medical Center Emergency Medicine Residency Program ,EM,Existing,,,2,2,600000,Yes,FY18/19,Kern,Tier 1,"1700 Mount Vernon, Bakersfield, California 93306",35.38273862,-118.968872,3,
Eisenhower Medical Center Emergency Medicine Residency Program,EM,New,2,,,2,450000,Yes,FY18/19,Riverside,Tier 1,"39000 Bob Hope Drive, AHSB, GME Office, Suite 201, Rancho Mirage, California 92270",33.76371856,-116.4045582,2,
UCSD Emergency Medicine Residency Training Program,EM,Existing,,,2,2,600000,Yes,FY18/19,San Diego,Tier 2,"9434 Medical Center Dr, La Jolla, CA 92037",32.87910655,-117.2258833,3,
St. Joseph's Medical Center Emergency Medicine,EM,New,3,,,3,675000,Yes,FY18/19,San Joaquin,Tier 1,"1800 N. California Street, Stockton, CA 95204",37.97018788,-121.2881978,1,
UCSF (Fresno) Emergency Medicine Residency Program,EM,Existing,,2,1,3,900000,Yes,FY18/19,Fresno,Tier 1,"155 N Fresno St., Fresno, California 93701",36.74381414,-119.7823593,2,
Arrowhead Regional Medical Center Emergency Medicine Residency Program ,EM,Existing,,,5,5,1500000,Yes,FY18/19,San Bernardino,Tier 1,"400 N. Pepper Ave., Colton, California 92324",34.07422886,-117.3506422,2,
Riverside Community Hospital/University of California Riverside School of Medicine Emergency Medicine Residency Program ,EM,New,5,,,5,1225000,Yes,FY18/19,Riverside,Tier 1,"4445 Magnolia Ave, Riverside, California 92501",33.97726577,-117.3809471,3,
Kaiser Permanente San Diego Family Medicine Residency,FM,Existing,,,,0,0,No,FY18/19,San Diego,Tier 2,"7060 Clairemont Mesa Blvd, San Diego, CA 92111",32.83390738,-117.1646849,1,
OPTI-West/PIH Health Hospital Downey Program,FM,Existing,,,,0,0,No,FY18/19,Los Angeles,Tier 2,"11500 Brookshire Avenue, Downey, CA 90241",33.93488292,-118.1312843,2,
Kaiser Permanente Woodland Hills Family Medicine Residency,FM,Existing,,,,0,0,No,FY18/19,Los Angeles,Tier 2,"5601 De Soto Avenue, Woodland Hills, CA 91367",34.17210553,-118.5895819,2,
Kaiser Permanente Napa-Solano Family Medicine Residency Program,FM,Existing,,,,0,0,No,FY18/19,Solano,Tier 1,"975 Sereno Dr, Vallejo, CA 94589",38.12650718,-122.2476505,2,
University of California (San Diego) Medical Center Family Medicine Residency Program ,FM,Existing,,,,0,0,No,FY18/19,San Diego,Tier 2,"200 W. Arbor, San Diego, CA 92103",32.75448633,-117.1661779,5,
Sutter Family Medicine Residency Program,FM,Existing,,,,0,0,No,FY18/19,Sacramento,Tier 2,"1201 Alhambra Blvd Ste 340, Sacramento, CA 95818",38.57045028,-121.4660751,2,
Kaiser Permanente Los Angeles Family Medicine Residency Program,FM,Existing,,,,0,0,No,FY18/19,Los Angeles,Tier 2,"4950 Sunset Blvd, 6th Floor, Los Angeles, CA 90027",34.09774674,-118.2978936,2,
Kaiser Permanente San Jose Family Medicine Residency,FM,New,,,,0,0,No,FY18/19,Mendocino,Tier 2,"275 Hospital Dr, Ukiah, CA 95482-4564",39.15317334,-123.2028477,1,
University of California Davis Health Family Medicine Residency Program ,FM,Existing,,,,0,0,No,FY18/19,Sacramento,Tier 2,"4860 Y Street, Suite 2500, Sacramento, California 95817",38.55194451,-121.4484522,3,
Marian Regional Medical Center Family Medicine Residency Program,FM,Existing,,,,0,0,No,FY18/19,Santa Barbara,Tier 2,"1400 East Church Street, Santa Maria, California 93454",34.9513285,-120.411754,3,
PIH Health-Whittier Family Medicine Residency Program,FM,Existing,,,,0,0,No,FY18/19,Los Angeles,Tier 2,"12291 Washington Blvd Suite 500, Whittier, CA 90606",33.9692482,-118.0504177,1,
Dignity Health Northridge Hospital Medical Center Family Medicine Residency Program ,FM,Existing,,,,0,0,No,FY18/19,Los Angeles,Tier 2,"18460 Roscoe, Northridge, California 91325",34.22048004,-118.535667,2,
Kaiser Permanente Southern California (Fontana) Family Medicine Residency Program ,FM,Existing,,,,0,0,No,FY18/19,San Bernardino,Tier 1,"9961 Sierra Ave, Fontana, CA 92335",34.07299217,-117.4354367,2,
Adventist Health Glendale Family Medicine Residency Program,FM,Existing,,,,0,0,No,FY18/19,Los Angeles,Tier 2,"801 S. Chevy Chase. Dr. #201, Glendale, California 91205",34.13681933,-118.240405,3,
Dignity Health Methodist Hospital of Sacramento Family Medicine Residency Program ,FM,Existing,,,,0,0,No,FY18/19,Sacramento,Tier 2,"7500 Hospital Drive, Sacramento, California 95823",38.46296036,-121.4168322,3,
Pomona Valley Hospital Medical Center Family Medicine Residency Program ,FM,Existing,,,,0,0,No,FY18/19,Los Angeles,Tier 2,"1770 N. Orange Grove Ave, Pomona, California 91767",34.0777855,-117.7502136,3,
Kaiser Permanente Santa Rosa Family Medicine Residency Training Program,FM,New,,,,0,0,No,FY18/19,Sonoma,Tier 2,"401 Bicentennial Way, Santa Rosa, California 95403",38.47834049,-122.729438,2,
Mercy Medical Center (Redding) Family Medicine Residency Program ,FM,Existing,,,,0,0,No,FY18/19,Shasta,Tier 2,"2175 Rosaline Ave, Redding, California 96001",40.57218961,-122.395265,2,
Contra Costa Regional Medical Center Family Medicine Residency Program ,FM,Existing,,,,0,0,No,FY18/19,Contra Costa,Tier 2,"2500 Alhambra Ave, Martinez, California 94553",38.00685485,-122.1323363,3,
UC San Diego Combined Family Medicine & Psychiatry Residency Program,FM,Existing,,,,0,0,No,FY18/19,San Diego,Tier 2,"9333 Genesee Ave Suite 200, San Diego, CA 92121",32.87591422,-117.2133221,1,
UCLA Family Medicine Residency Training Program,FM,Existing,,,,0,0,No,FY18/19,Los Angeles,Tier 2,"7515 Van Nuys Blvd., Van Nuys, CA 91405",34.20733387,-118.448912,1,
Long Beach Memorial Family Medicine Residency Program,FM,Existing,,,,0,0,No,FY18/19,Los Angeles,Tier 2,"450 E.Spring St. #1, Long Beach, CA 90806",33.80977058,-118.1874579,2,
Natividad Medical Center Family Medicine Residency Program ,FM,Existing,,,,0,0,No,FY18/19,Monterey,Tier 2,"1441 Constitution Blvd, Salinas, California 93906",36.69664875,-121.6316607,3,
Eisenhower Medical Center Family Medicine Residency Program ,FM,Existing,,,,0,0,No,FY18/19,Riverside,Tier 1,"39000 Bob Hope Drive, AHSB, GME Office, Suite 201, Rancho Mirage, California 92270",33.76371856,-116.4045582,3,
Adventist Health White Memorial Family Medicine Residency Program ,FM,Existing,,,,0,0,No,FY18/19,Los Angeles,Tier 2,"1720 E Cesar E Chavez Avenue, Los Angeles, California 90033",34.04950114,-118.2168521,3,
Community Memorial Health System Family Medicine Residency Program ,FM,Existing,,,,0,0,No,FY18/19,Ventura,Tier 2,"147 N. Brent Street, Ventura, California 93003",34.2746498,-119.257686,3,
Kaweah Delta Healthcare Family Medicine Residency Program,FM,Existing,,,,0,0,No,FY18/19,Tulare,Tier 1,"202 W Willow Ave, Visalia, CA 93291",36.32879758,-119.2937352,1,
California Hospital Medical Center Family Medicine Residency Program,FM,Existing,,,,0,0,No,FY18/19,Los Angeles,Tier 2,"1401 South Grand Avenue, Los Angeles, CA 90015",34.03769327,-118.2662307,1,
UCSF Family and Community Medicine Residency at SFGH,FM,Existing,,,,0,0,No,FY18/19,San Francisco,Tier 3,"505 Parnassus Avenue, M24, Box 0203, San Francisco, California 94143",37.75550552,-122.4047705,1,
Prime West Consortium/Chino Valley Medical Center Family Medicine Residency Program ,FM,Expanding,,,,0,0,No,FY18/19,Los Angeles,Tier 2,"5451 Walnut Ave, Chino, California 91710",34.02623309,-117.6853884,2,
UC Irvine Family Medicine,FM,Existing,,,,0,0,No,FY18/19,Orange,Tier 2,"Bldg 200, Rt 81 Suite 835, Orange, CA 92868",33.78762237,-117.888043,1,
Scripps Clinic/Scripps Green Hospital ,IM,Existing,,,,0,0,No,FY18/19,San Diego,Tier 2,"10666 N Torrey Pines Rd, La Jolla, CA 92037",32.8972699,-117.2428486,1,
"Kaiser Permanente Southern California (Los Angeles), Internal Medicine Training Program",IM,Expanding,,,,0,0,No,FY18/19,Los Angeles,Tier 2,"4950 Sunset Blvd, 6th Floor, Los Angeles, CA 90027",34.09774674,-118.2978936,2,
UCSF Primary Care General Internal Medicine Residency Program,IM,Existing,,,,0,0,No,FY18/19,San Francisco,Tier 3,"1545 Divisadero, San Francisco, CA 94143",37.78420407,-122.4399117,1,
UC Irvine Internal Medicine Residency Training Program,IM,Existing,,,,0,0,No,FY18/19,Orange,Tier 2,"101 The City Drive South City Tower, Suite 400, Orange, CA 92868",33.78816775,-117.8902533,1,
Santa Clara Valley Medical Center Internal Medicine Residency Program ,IM,Existing,,,,0,0,No,FY18/19,Santa Clara,Tier 3,"751 South Bascom Avenue, San Jose, California 95128",37.31353744,-121.9327424,2,
Community Memorial Health System Internal Medicine Residency Program ,IM,Existing,,,,0,0,No,FY18/19,Ventura,Tier 2,"147 N. Brent Street, Ventura, California 93003",34.2746498,-119.257686,3,
Kaiser Permanente Southern California (Fontana) Internal Medicine Residency Program,IM,Existing,,,,0,0,No,FY18/19,San Bernardino,Tier 1,"9961 Sierra Ave, Fontana, CA 92335",34.07299217,-117.4354367,2,
UCLA Internal Medicine-Pediatrics,IM,Existing,,,,0,0,No,FY18/19,Los Angeles,Tier 2,"757 Westwood Plaza Suite 7501, Los Angeles CA, 90095",34.06677671,-118.4461329,1,
Olive View-ULCA Internal Medicine,IM,Existing,,,,0,0,No,FY18/19,Los Angeles,Tier 2,"14445 Olive View Drive, Sylmar, California 91342",34.3260158,-118.4452598,1,
Zuckerberg San Francisco General Primary Care Track-IM,IM,Existing,,,,0,0,No,FY18/19,San Francisco,Tier 3,"1001 Potrero Ave, San Francisco, CA 94110",37.75596399,-122.4048239,1,
Adventist Health White Memorial Internal Medicine Residency Program ,IM,Existing,,,,0,0,No,FY18/19,Los Angeles,Tier 2,"1720 E Cesar E Chavez Avenue, Los Angeles, California 90033",34.04950114,-118.2168521,2,
"Harbor-UCLA Internal Medicine Program	",IM,Existing,,,,0,0,No,FY18/19,Los Angeles,Tier 2,"1000 West Carson Street, Torrance, California 90502",33.83000478,-118.294114,1,
UCLA Primary Care Track,IM,Existing,,,,0,0,No,FY18/19,Los Angeles,Tier 2,"757 Westwood Plaza Suite 7501, Los Angeles CA, 90095",34.06677671,-118.4461329,1,
University of California Davis Health Obstetrics and Gynecology Residency Program ,OBGYN,Existing,,,,0,0,No,FY18/19,Sacramento,Tier 2,"4860 Y Street, Suite 2500, Sacramento, California 95817",38.55194451,-121.4484522,3,
Obstetrics and Gynecology Residency Program (Kaiser Permanente Los Angeles),OBGYN,Existing,,,,0,0,No,FY18/19,Los Angeles,Tier 2,"4900 W Sunset Blvd 5A, Los Angeles CA 90027",34.09771019,-118.2965716,1,
Adventist Health White Memorial Obstetrics and Gynecology Residency Program ,OBGYN,Existing,,,,0,0,No,FY18/19,Los Angeles,Tier 2,"1720 E Cesar E Chavez Avenue, Los Angeles, California 90033",34.04950114,-118.2168521,3,
Stanford Health Care-Sponsored Stanford University Obstetrics and Gynecology Residency Program ,OBGYN,Existing,,,,0,0,No,FY18/19,Santa Clara,Tier 3,"300 Pasteur Drive, Stanford, California 94305",37.43324497,-122.1749734,2,
UC Irvine Obstetrics and Gynecology Residency Training Program,OBGYN,Existing,,,,0,0,No,FY18/19,Orange,Tier 2,"333 City Boulevard West; Suite 640, Orange, CA 92868",33.78752448,-117.8880501,1,
UCSD/Rady Children's Hospital Pediatric Residency Program,Peds,Existing,,,,0,0,No,FY18/19,San Diego,Tier 2,"9500 Gilman Dr, La Jolla, CA 92093",32.87884579,-117.2253485,1,
Kaiser Permanente Southern California (Los Angeles)  Pediatric Residency Program ,Peds,Existing,,,,0,0,No,FY18/19,Los Angeles,Tier 2,"4733 Sunset Blvd, 3rd floor, Los Angeles, California 90027",34.09852118,-118.2940291,3,
UCLA David Geffen School of Medicine/UCLA Medical Center  Pediatric Residency Program ,Peds,Existing,,,,0,0,No,FY18/19,Los Angeles,Tier 2,"10889 Wilshire Blvd. Suite 700 
Los Angeles, CA 90095",34.06439842,-118.4411868,3,
Stanford Health Care-Sponsored Stanford University Pediatric Residency Program ,Peds,Existing,,,,0,0,No,FY18/19,Santa Clara,Tier 3,"725 Welch Rd., Palo Alto, California 94304",37.44074025,-122.1489488,3,
University of California (San Francisco)/San Francisco General Hospital Emergency Medicine Residency Program ,EM,Expanding,,,,0,0,No,FY18/19,San Francisco,Tier 3,"505 Parnassus Avenue, M24, Box 0203, San Francisco, California 94143",37.75550552,-122.4047705,3,
UC Irvine Emergency Medicine Residency,EM,Existing,,,,0,0,No,FY18/19,Orange,Tier 2,"333 City Boulevard West; Suite 640, Orange, CA 92868",33.78752448,-117.8880501,2,
UC Davis Emergency Medicine,EM,Existing,,,,0,0,No,FY18/19,Sacramento,Tier 2,"2315 Stockton Blvd PSSB 2100, Sacramento CA 95817",38.55500791,-121.4546237,1,
Kaweah Delta Health Care District (KDHCD) Emergency Medicine Residency Program ,EM,Existing,,,,0,0,No,FY18/19,Tulare,Tier 1,"400 W Mineral King Ave, Visalia, California 93291",36.32873621,-119.2942394,3,
Loma Linda University Health Emergency Medicine Residency,EM,Existing,,,,0,0,No,FY18/19,San Bernardino,Tier 1,"11234 Anderson Street, Room A-890, Loma Linda, CA 92354",34.04975412,-117.2641238,2,
Adventist Health Hanford Family Medicine Residency Program,FM,Expanding,,2,,2,360000,Yes,FY19/20,Kings,Tier 1,"1025 N Douty St Ste 105, Hanford, CA 93230",36.33705706,-119.6442261,4,
Adventist Health Ukiah Valley Family Medicine Residency Program,FM,New,1,,,1,225000,Yes,FY19/20,Mendocino,Tier 2,"275 Hospital Dr, Ukiah, CA 95482-4564",39.15317334,-123.2028477,1,
Adventist Health White Memorial Family Medicine Residency Program ,FM,Expanding,,1,,1,180000,Yes,FY19/20,Los Angeles,Tier 2,"1720 E Cesar E Chavez Avenue, Los Angeles, California 90033",34.04950114,-118.2168521,3,
Adventist Health White Memorial Obstetrics and Gynecology Residency Program ,OBGYN,Expanding,,1,2,3,640000,Yes,FY19/20,Los Angeles,Tier 2,"1720 E Cesar E Chavez Avenue, Los Angeles, California 90033",34.04950114,-118.2168521,3,
Alameda Health System-Highland Hospital Emergency Medicine Residency Program ,EM,Existing,,,1,1,200000,Yes,FY19/20,Alameda,Tier 3,"1411 East 31st Street, Oakland, California 94602",37.79814051,-122.2298755,3,
AltaMed Health Services Family Medicine Residency Program ,FM,New,1,,,1,225000,Yes,FY19/20,Los Angeles,Tier 2,"2040 Camfield Avenue, Los Angeles, California 90040",37.82056951,-122.2630384,2,
Arrowhead Regional Medical Center Emergency Medicine Residency Program,EM,Existing,,,3,3,600000,Yes,FY19/20,San Bernardino,Tier 1,"400 N. Pepper Ave., Colton, California 92324",34.07422886,-117.3506422,2,
Arrowhead Regional Medical Center Family Medicine Residency Program,FM,Expanding,,2,,2,360000,Yes,FY19/20,San Bernardino,Tier 1,"400 N. Pepper Ave., Colton, California 92324",34.07422886,-117.3506422,2,
Arrowhead Regional Medical Center Internal Medicine Residency Program ,IM,Existing,,,2,2,300000,Yes,FY19/20,San Bernardino,Tier 1,"400 N. Pepper Ave., Colton, California 92324",34.07422886,-117.3506422,3,
Arrowhead Regional Medical Center Obstetrics and Gynecology Residency Program ,OBGYN,Existing,,,3,3,600000,Yes,FY19/20,San Bernardino,Tier 1,"400 N. Pepper Ave., Colton, California 92324",34.07422886,-117.3506422,3,
"Charles R Drew University of Medicine and Science, College of Medicine Family Medicine Residency Program",FM,New,2,,,2,450000,Yes,FY19/20,Los Angeles,Tier 2,"1731 E 120th St, Los Angeles, CA 90059",33.92559882,-118.242629,2,
Children's Hospital of Los Angeles Pediatric Residency Program ,Peds,Expanding,,5,,5,900000,Yes,FY19/20,Los Angeles,Tier 2,"4650 Sunset Blvd, Los Angeles, California 90027",34.09781655,-118.2891695,3,
Clinica Sierra Vista - Bakersfield Family Medicine Residency Program ,FM,Expanding,,2,,2,360000,Yes,FY19/20,Kern,Tier 1,"7800 Niles St, Bakersfield, California 93306",35.3769903,-118.9174781,3,
Community Memorial Health System Family Medicine Residency Program ,FM,Expanding,,1,,1,180000,Yes,FY19/20,Ventura,Tier 2,"147 N. Brent Street, Ventura, California 93003",34.2746498,-119.257686,3,
Community Memorial Health System Internal Medicine Residency Program ,IM,Expanding,,1,,1,180000,Yes,FY19/20,Ventura,Tier 2,"147 N. Brent Street, Ventura, California 93003",34.2746498,-119.257686,3,
Contra Costa Regional Medical Center Family Medicine Residency Program ,FM,Existing,,,1,1,150000,Yes,FY19/20,Contra Costa,Tier 2,"2500 Alhambra Ave, Martinez, California 94553",38.00685485,-122.1323363,3,
Desert Regional Medical Center Emergency Medicine Residency Program,EM,Existing,,,2,2,300000,Yes,FY19/20,Riverside,Tier 1,"1150 N Indian Canyon Drive, Palm Springs, California 92262",33.83897159,-116.5426436,3,
Dignity Health Methodist Hospital of Sacramento Family Medicine Residency Program ,FM,Expanding,,1,,1,180000,Yes,FY19/20,Sacramento,Tier 2,"7500 Hospital Drive, Sacramento, California 95823",38.46296036,-121.4168322,3,
Eisenhower Medical Center Emergency Medicine Residency Program ,EM,New,4,,,4,900000,Yes,FY19/20,Riverside,Tier 1,"39000 Bob Hope Drive, AHSB, GME Office, Suite 201, Rancho Mirage, California 92270",33.76371856,-116.4045582,2,
Emanate Health Family Medicine Residency Program ,FM,New,1,,,1,225000,Yes,FY19/20,Los Angeles,Tier 2,"1115 S. Sunset Avenue, West Covina, California 91710",34.06238145,-117.9447596,2,
Family Health Centers of San Diego Family Medicine Residency Program ,FM,Existing,,,1,1,150000,Yes,FY19/20,San Diego,Tier 2,"823 Gateway Center Way, San Diego, California 92102",32.71552625,-117.1125834,3,
John Muir Health Family Medicine Residency Program,FM,New,1,,,1,225000,Yes,FY19/20,Contra Costa,Tier 2,"1450 Treat Boulevard, Walnut Creek, California 94597",37.92626927,-122.0521587,2,
Kaiser Permanente Southern California (Los Angeles)  Pediatric Residency Program ,Peds,Expanding,,1,,1,180000,Yes,FY19/20,Los Angeles,Tier 2,"4733 Sunset Blvd, 3rd floor, Los Angeles, California 90027",34.09852118,-118.2940291,3,
Kaiser Permanente Northern California (Oakland) Obstetrics and Gynecology Residency Program,OBGYN,Expanding,,2,,2,440000,Yes,FY19/20,Alameda,Tier 3,"Kaiser Foundation Hospitals 1800 Harrison Street 2, Oakland, CA 94612",37.80712945,-122.2647388,1,
Kaiser Permanente Santa Rosa Family Medicine Residency Training Program,FM,New,1,,,1,225000,Yes,FY19/20,Sonoma,Tier 2,"401 Bicentennial Way, Santa Rosa, California 95403",38.47834049,-122.729438,2,
"Kaiser Permanente Southern California (Los Angeles), Internal Medicine Training Program",IM,Existing,,,1,1,150000,Yes,FY19/20,Los Angeles,Tier 2,"4733 Sunset Blvd, 3rd floor, Los Angeles, California 90027",34.09852118,-118.2940291,2,
Kaweah Delta Health Care District (KDHCD) Emergency Medicine Residency Program ,EM,Existing,,,1,1,150000,Yes,FY19/20,Tulare,Tier 1,"400 W Mineral King Ave, Visalia, California 93291",36.32873621,-119.2942394,3,
Kaweah Delta Health Care District (KDHCD) Family Medicine Residency Program ,FM,Existing,,,1,1,150000,Yes,FY19/20,Tulare,Tier 1,"400 W Mineral King Ave, Visalia, California 93291",36.32873621,-119.2942394,2,
Kern Medical Center Emergency Medicine Residency Program ,EM,Existing,,,2,2,400000,Yes,FY19/20,Kern,Tier 1,"1700 Mount Vernon, Bakersfield, California 93306",35.38273862,-118.968872,3,
Kern Medical Center Internal Medicine Residency Program ,IM,Existing,,,2,2,300000,Yes,FY19/20,Kern,Tier 1,"1700 Mount Vernon, Bakersfield, California 93306",35.38273862,-118.968872,2,
Kern Medical Center Obstetrics and Gynecology Residency Program ,OBGYN,Expanding,,1,3,4,840000,Yes,FY19/20,Kern,Tier 1,"1700 Mount Vernon, Bakersfield, California 93306",35.38273862,-118.968872,3,
Los Angeles County-Harbor-UCLA Medical Center Family Medicine Residency Program ,FM,Existing,,,1,1,150000,Yes,FY19/20,Los Angeles,Tier 2,"1403 W Lomita Blvd Suite 102, Harbor City, California 90710",33.83000478,-118.294114,2,
Los Angeles County-Harbor-UCLA Medical Center Pediatric Residency Program ,Peds,Existing,,,4,4,600000,Yes,FY19/20,Los Angeles,Tier 2,"1000 West Carson Street, Torrance, California 90502",33.83000478,-118.294114,3,
LifeLong Medical Care Family Medicine Residency Traning Program,FM,New,2,,,2,450000,Yes,FY19/20,Contra Costa,Tier 2,"2600 Macdonald Ave, Richmond, CA 94804",37.93497639,-122.3435798,2,
Loma Linda University Health Education Consortium  Pediatric Residency Program ,Peds,Existing,,,5,5,750000,Yes,FY19/20,San Bernardino,Tier 1,"11175 Campus St. CP-A1121, Loma Linda, CA 92354",34.04953609,-117.262923,2,
Loma Linda University Health Education Consortium Family Medicine Residency Program,FM,Expanding,,2,,2,360000,Yes,FY19/20,San Bernardino,Tier 1,"1200 California St Suite 240, Redlands, California 92374",34.04953609,-117.262923,2,
Loma Linda University Health Education Consortium Internal Medicine Residency Program,IM,Expanding,,4,,4,720000,Yes,FY19/20,San Bernardino,Tier 1,"11234 Anderson St. MC-1503, Loma Linda, California 92350",34.04953609,-117.262923,2,
Loma Linda University Health Education Consortium Obstetrics and Gynecology Residency,OBGYN,Expanding,,2,2,4,880000,Yes,FY19/20,San Bernardino,Tier 1,"11234 Anderson St, Loma Linda, CA 92354",34.04959411,-117.264113,1,
Loma Linda University Health Education Consortium Emergency Medicine Residency Program ,EM,Expanding,,3,,3,540000,Yes,FY19/20,San Bernardino,Tier 1,"11175 Campus St. MC-A122, Loma Linda, CA 92354",34.04953609,-117.262923,2,
Marian Regional Medical Center Obstetrics and Gynecology Residency Program,OBGYN,New,3,,,3,900000,Yes,FY19/20,Santa Barbara,Tier 2,"1400 East Church Street, Santa Maria, California 93454",34.9513285,-120.411754,3,
Mercy Medical Center (Merced) Family Medicine Residency Program ,FM,Existing,,,1,1,150000,Yes,FY19/20,Merced,Tier 1,"315 Mercy Avenue, Ste. 301, Merced, California 95340",37.34006954,-120.4663914,3,
Natividad Medical Center Family Medicine Residency Program ,FM,Existing,,,1,1,150000,Yes,FY19/20,Monterey,Tier 2,"1441 Constitution Blvd, Salinas, California 93906",36.69664875,-121.6316607,3,
Olive View/UCLA Medical Center Internal Medicine Residency Program ,IM,Existing,,,1,1,150000,Yes,FY19/20,Los Angeles,Tier 2,"14445 Olive View Drive, Sylmar, California 91342",34.3260158,-118.4452598,2,
OPTI West/College Medical Center Long Beach Internal Medicine Residency Program,IM,Expanding,,1,1,2,330000,Yes,FY19/20,Los Angeles,Tier 2,"2776 Pacific Ave, Long Beach, California 90806",33.80748499,-118.1915789,2,
OPTI West/Hemet Valley Medical Center Internal Medicine Residency Program,IM,Expanding,,2,,2,360000,Yes,FY19/20,Riverside,Tier 1,"1117 E Devonshire Ave Ste 209, Hemet, CA 92543",33.75048675,-116.9600981,1,
OPTI-West/WAMC Internal Medicine Residency Program,IM,Existing,,,1,1,150000,Yes,FY19/20,Orange,Tier 2,"309 E 2nd St, Pomona, CA 91766",34.058362,-117.747508,1,
Riverside Community Hospital/University of California Riverside School of Medicine Emergency Medicine Residency Program ,EM,New,5,,,5,1125000,Yes,FY19/20,Riverside,Tier 1,"4445 Magnolia Ave, Riverside, California 92501",33.97726577,-117.3809471,3,
Riverside Community Hospital/University of California Riverside School of Medicine Family Medicine Residency Program ,FM,New,3,,,3,675000,Yes,FY19/20,Riverside,Tier 1,"4445 Magnolia Ave, Riverside, California 92501",33.97726577,-117.3809471,3,
Riverside Community Hospital/University of California Riverside School of Medicine Internal Medicine Residency Program ,IM,Existing,,,2,2,300000,Yes,FY19/20,Riverside,Tier 1,"4445 Magnolia Ave, Riverside, California 92501",33.97726577,-117.3809471,3,
Riverside University Health System/UCR Family Medicine Residency Program,FM,Existing,,,1,1,150000,Yes,FY19/20,Riverside,Tier 1,"26520 Cactus Ave, Moreno Valley, California 92555",33.91231134,-117.1951568,1,
San Joaquin General Hospital Family Medicine Residency Program ,FM,Existing,,,1,1,150000,Yes,FY19/20,San Joaquin,Tier 1,"500 W. Hospital Rd, French Camp, California 95231",37.88631135,-121.2826046,3,
San Joaquin General Hospital Internal Medicine Residency Program ,IM,Existing,,,2,2,300000,Yes,FY19/20,San Joaquin,Tier 1,"500 W. Hospital Rd, French Camp, California 95231",37.88631135,-121.2826046,3,
San Ysidro Health Internal Medicine Residency Program ,IM,New,4,,,4,900000,Yes,FY19/20,San Diego,Tier 2,"1601 Precision Park Lane, San Diego, California 92173",32.6790721,-117.1035539,2,
Santa Clara Valley Medical Center Obstetrics and Gynecology Residency Program,OBGYN,Existing,,,2,2,400000,Yes,FY19/20,Santa Clara,Tier 3,"751 South Bascom Avenue, San Jose, California 95128",37.31353744,-121.9327424,2,
Scripps Mercy Hospital Internal Medicine Residency Program,IM,Expanding,,2,,2,360000,Yes,FY19/20,San Diego,Tier 2,"4077 Fifth Ave., MER 35, San Diego, California 92103",32.75171898,-117.1598214,1,
Shasta Community Health Center Family Medicine Residency Program,FM,Expanding,,1,1,2,330000,Yes,FY19/20,Shasta,Tier 2,"1035 Placer Street, Redding, California 96001",40.58336723,-122.384003,3,
St. Agnes Medical Center (Fresno) Family Medicine Residency Program ,FM,New,2,,,2,450000,Yes,FY19/20,Fresno,Tier 1,"1313 E. Herndon Avenue, Fresno, California 93720",36.83537392,-119.7652381,2,
St. Agnes Medical Center (Fresno) Internal Medicine Residency Program ,IM,New,5,,,5,1125000,Yes,FY19/20,Fresno,Tier 1,"1313 E. Herndon Avenue, Fresno, California 93720",36.83537392,-119.7652381,3,
St Joseph Hospital-Eureka Family Medicine Residency Program ,FM,New,2,,,2,450000,Yes,FY19/20,Humboldt,Tier 2,"2700 Dolbeer Street, Eureka, California 95501",40.78838399,-124.1399101,2,
St. Joseph's Medical Center Emergency Medicine Residency Program,EM,New,5,,,5,1125000,Yes,FY19/20,San Joaquin,Tier 1,"1800 N. California Street, Stockton, CA 95204",37.97018788,-121.2881978,2,
St. Joseph's Medical Center Family Medicine Residency Program,FM,New,3,,,3,675000,Yes,FY19/20,San Joaquin,Tier 1,"1800 N. California Street, Stockton, CA 95204",37.97018788,-121.2881978,2,
St Joseph's Medical Center Internal Medicine Residency Program ,IM,New,4,,,4,900000,Yes,FY19/20,San Joaquin,Tier 1,"2102 N California Stree, Stockton, California 95204",37.97031039,-121.2877059,2,
Stanford Health Care-Sponsored Stanford University Family Medicine Residency Program ,FM,Existing,,,1,1,150000,Yes,FY19/20,Santa Clara,Tier 3,"455 O'Connor Drive, Suite 250, San Jose, California 95128",37.44074025,-122.1489488,3,
Stanford Health Care-Sponsored Stanford University Pediatric Residency Program ,Peds,Existing,,,4,4,600000,Yes,FY19/20,Santa Clara,Tier 3,"725 Welch Rd., Palo Alto, California 94304",37.44074025,-122.1489488,3,
Sutter Santa Rosa Regional Hospital/University of California (San Francisco) Family Medicine Residency Program,FM,Existing,,,1,1,150000,Yes,FY19/20,Sonoma,Tier 2,"30 Mark West Springs Rd, Santa Rosa, CA 95403",38.49522373,-122.7519734,2,
University of California Davis Health Obstetrics and Gynecology Residency Program ,OBGYN,Expanding,,1,,1,240000,Yes,FY19/20,Sacramento,Tier 2,"4860 Y Street, Suite 2500, Sacramento, California 95817",38.55194451,-121.4484522,3,
UC Irvine - Children's Hospital Orange County Pediatric Residency Program,Peds,Existing,,,4,4,600000,Yes,FY19/20,Orange,Tier 2,"505 S. Main Street Ste. 525, Orange, CA 92868",33.78001767,-117.8665144,3,
UC Irvine Family Medicine Residency Program,FM,Existing,,,1,1,150000,Yes,FY19/20,Orange,Tier 2,"141 Innovation Ste. 250, Irvine, CA 92697",33.64567537,-117.8584605,2,
UC Riverside Internal Medicine Residency Program,IM,Expanding,,2,,2,360000,Yes,FY19/20,Riverside,Tier 1,"245 University Office Building, Riverside, CA 92521",33.97185327,-117.3249621,2,
UC Riverside School of Medicine/Desert Regional Medical Center Family Medicine Residency Program,FM,Existing,,,1,1,150000,Yes,FY19/20,Riverside,Tier 1,"245 University Office Building, Riverside, CA 92521",33.97185327,-117.3249621,2,
UCSD Emergency Medicine Residency Training Program,EM,Expanding,,2,,2,480000,Yes,FY19/20,San Diego,Tier 2,"200 W. Arbor, San Diego, CA 92103",32.75448633,-117.1661779,3,
UCSD Obstestrics and Gynecology Residency Training Program,OBGYN,Expanding,,1,1,2,440000,Yes,FY19/20,San Diego,Tier 2,"9500 Gilman Dr, La Jolla, CA 92093",32.87884579,-117.2253485,1,
University of California (San Diego) Medical Center Pediatric Residency Program ,Peds,Expanding,,1,,1,180000,Yes,FY19/20,San Diego,Tier 2,"3020 Children's Way, #5124, San Diego, California 92123",32.79807613,-117.1514196,2,
University of California (San Francisco)/Fresno Emergency Medicine Residency Program ,EM,Expanding,,2,3,5,1080000,Yes,FY19/20,Fresno,Tier 1,"155 N Fresno St., Fresno, California 93701",36.74381414,-119.7823593,2,
University of California (San Francisco)/Fresno Family Medicine Residency Program ,FM,Existing,,,1,1,150000,Yes,FY19/20,Fresno,Tier 1,"155 N Fresno St., Fresno, California 93701",36.74381414,-119.7823593,2,
UCSF Benioff Children's Hospital Oakland Pediatric Residency Program,Peds,Existing,,,4,4,600000,Yes,FY19/20,Alameda,Tier 3,"747 52nd St, Oakland, CA 94609",37.83742733,-122.2664274,4,
University of California (San Francisco)/Fresno Obstetrics and Gynecology Residency Program ,OBGYN,Expanding,,1,3,4,840000,Yes,FY19/20,Fresno,Tier 1,"155 N Fresno St., Fresno, California 93701",36.74381414,-119.7823593,2,
University of California (San Francisco)/Fresno  Pediatric Residency Program ,Peds,Existing,,,5,5,750000,Yes,FY19/20,Fresno,Tier 1,"155 N Fresno St., Fresno, California 93701",36.74381414,-119.7823593,3,
UCSF Obstetrics and Gynecology Residency Program,OBGYN,Expanding,,3,,3,720000,Yes,FY19/20,San Francisco,Tier 3,"550 16th Street, Box 0132, San Francisco, CA 94158",37.7665494,-122.3900692,3,
UCSF Pediatric Leadership for the Under-Served (PLUS) Program,Peds,Expanding,,1,4,5,780000,Yes,FY19/20,San Francisco,Tier 3,"Mission Hall, 550 16th Street, 4th floor, San Francisco, CA 94143-0110",37.76774615,-122.3905335,3,
University of California (San Francisco)/San Francisco General Hospital Emergency Medicine Residency Program ,EM,Expanding,,1,,1,240000,Yes,FY19/20,San Francisco,Tier 3,"505 Parnassus Avenue, M24, Box 0203, San Francisco, California 94143",37.75550552,-122.4047705,3,
UHS Southern California Medical Education Consortium Family Medicine Residency Program ,FM,New,1,,,1,225000,Yes,FY19/20,Riverside,Tier 1,"31700 Temecula Parkway, Suite 2 - GME, Temecula, California 92592",33.4808191,-117.105719,2,
UHS Southern California Medical Education Consortium Internal Medicine Residency Program ,IM,New,1,,,1,225000,Yes,FY19/20,Riverside,Tier 1,"31700 Temecula Parkway, Suite 2 - GME, Temecula, California 92592",33.4808191,-117.105719,2,
University of Southern California/LAC+USC Medical Center Ob/Gyn Residency Program,OBGYN,Existing,,,1,1,200000,Yes,FY19/20,Los Angeles,Tier 2,"2020 Zonal Ave, Los Angeles, CA 90033",34.05924404,-118.2062552,2,
Valley Children's Healthcare Pediatric Residency Program ,Peds,New,5,,,5,1125000,Yes,FY19/20,Madera,Tier 1,"9300 Valley Children's Place, Madera, California 93636",36.88424254,-119.799721,3,
Valley Consortium for Medical Education Family Medicine Family Medicine Residency Program ,FM,Existing,,,1,1,150000,Yes,FY19/20,Stanislaus,Tier 2,"1400 Florida Ave, Suite 102, Modesto, California 95350",37.66415102,-120.9948597,3,
"Valley Health Team, Inc. Family Medicine Residency Program ",FM,Existing,,,1,1,150000,Yes,FY19/20,Fresno,Tier 1,"4711 W. Ashlan Avenue, Fresno, California 93722",36.79314417,-119.877368,3,
Ventura County Medical Center Family Medicine Residency Program ,FM,Existing,,,1,1,150000,Yes,FY19/20,Ventura,Tier 2,"300 Hillmont St, Suite 120, Ventura, California 93003",34.27666743,-119.2522865,4,
Adventist Health Glendale Family Medicine Residency Program,FM,Existing,,,,0,0,No,FY19/20,Los Angeles,Tier 2,"801 S. Chevy Chase. Dr. #201, Glendale, California 91205",34.13681933,-118.240405,3,
Alameda Health System-Highland Hospital Internal Medicine Residency Program ,IM,Existing,,,,0,,No,FY19/20,Alameda,Tier 3,"1411 East 31st Street, Oakland, California 94602",37.79814051,-122.2298755,3,
Children's Hospital Los Angeles Pediatric Emergency Medicine Residency Program,Peds,Existing,,,,0,,No,FY19/20,Los Angeles,Tier 2,"4650 Sunset Blvd, Los Angeles, California 90027",34.09781655,-118.2891695,1,
Desert Regional Medical Center Internal Medicine Residency Program,IM,Expanding,,,,0,0,No,FY19/20,Riverside,Tier 1,"1150 N Indian Canyon Drive, Palm Springs, California 92262",33.83897159,-116.5426436,1,
Eisenhower Medical Center Family Medicine Residency Program ,FM,Existing,,,,0,0,No,FY19/20,Riverside,Tier 1,"39000 Bob Hope Drive, AHSB, GME Office, Suite 201, Rancho Mirage, California 92270",33.76371856,-116.4045582,3,
Kaiser Permanente Los Angeles Family Medicine Residency Program,FM,Existing,,,,0,,No,FY19/20,Los Angeles,Tier 2,"4733 Sunset Blvd, 3rd floor, Los Angeles, California 90027",34.09852118,-118.2940291,2,
Kaiser Permanente Napa-Solano Family Medicine Residency Program,FM,Existing,,,,0,0,No,FY19/20,Solano,Tier 1,"975 Sereno Dr, Vallejo, CA 94589",38.12650718,-122.2476505,2,
Kaiser Permanente Santa Clara Obstetrics and Gynecology Residency Training Program,OBGYN,Existing,,,,0,0,No,FY19/20,Santa Clara,Tier 3,"700 Lawrence Expy, Santa Clara, CA 95051",37.33645064,-121.9985809,1,
Kaiser Permanente Woodland Hills Family Medicine Residency,FM,Existing,,,,0,0,No,FY19/20,Los Angeles,Tier 2,"5601 De Soto Avenue, Woodland Hills, CA 91367",34.17210553,-118.5895819,2,
Long Beach Memorial Family Medicine Residency Program,FM,Existing,,,,0,0,No,FY19/20,Los Angeles,Tier 2,"450 E.Spring St. #1, Long Beach, CA 90806",33.80977058,-118.1874579,2,
Marian Regional Medical Center Family Medicine Residency Program,FM,Existing,,,,0,0,No,FY19/20,Santa Barbara,Tier 2,"1400 East Church Street, Santa Maria, California 93454",34.9513285,-120.411754,3,
OPTI West/Chino Family Medicine Residency Program,FM,Expanding,,,,0,,No,FY19/20,Los Angeles,Tier 2,"5451 Walnut Ave, Chino, California 91710",34.02623309,-117.6853884,1,
OPTI-West/PIH Health Hospital Downey Program,FM,Existing,,,,0,0,No,FY19/20,Los Angeles,Tier 2,"11500 Brookshire Avenue, Downey, CA 90241",33.93488292,-118.1312843,2,
Pomona Valley Hospital Medical Center Family Medicine Residency Program ,FM,Existing,,,,0,0,No,FY19/20,Los Angeles,Tier 2,"1770 N. Orange Grove Ave, Pomona, California 91767",34.0777855,-117.7502136,3,
Sutter Family Medicine Residency Program,FM,Existing,,,,0,0,No,FY19/20,Sacramento,Tier 2,"1201 Alhambra Blvd Ste 340, Sacramento, CA 95818",38.57045028,-121.4660751,2,
University of California Davis Health Family Medicine Residency Program ,FM,Existing,,,,0,0,No,FY19/20,Sacramento,Tier 2,"4860 Y Street, Suite 2500, Sacramento, California 95817",38.55194451,-121.4484522,3,
University of California Davis Health Internal Medicine Residency Program ,IM,Existing,,,,0,0,No,FY19/20,Sacramento,Tier 2,"4150 V Street #1100, Sacramento, California 95817",38.55194451,-121.4484522,3,
University of California Davis Health Pediatric Residency Program ,Peds,Existing,,,,0,0,No,FY19/20,Sacramento,Tier 2,"2516 Stockton Blvd, Sacramento, California 95817",38.55256987,-121.4565858,2,
UC Irvine Emergency Medicine Residency,EM,Existing,,,,0,0,No,FY19/20,Orange,Tier 2,"333 City Boulevard West; Suite 640, Orange, CA 92868",33.78752448,-117.8880501,2,
UCLA David Geffen School of Medicine/UCLA Medical Center Family Medicine Residency Program ,FM,Existing,,,,0,0,No,FY19/20,Los Angeles,Tier 2,"1920 Colorado Avenue, Santa Monica, California 90404",34.02539,-118.4769591,3,
UCLA David Geffen School of Medicine/UCLA Medical Center  Pediatric Residency Program ,Peds,Existing,,,,0,,No,FY19/20,Los Angeles,Tier 2,"10889 Wilshire Blvd. Suite 700 
Los Angeles, CA 90095",34.06439842,-118.4411868,3,
University of California (San Diego) Medical Center Family Medicine Residency Program ,FM,Existing,,,,0,0,No,FY19/20,San Diego,Tier 2,"200 W. Arbor, San Diego, CA 92103",32.75448633,-117.1661779,5,
University of California (San Diego) Medical Center Family Medicine Residency Program ,FM,Existing,,,,0,0,No,FY19/20,San Diego,Tier 2,"200 W. Arbor, San Diego, CA 92103",32.75448633,-117.1661779,5,
University of California (San Francisco)/Fresno Internal Medicine Residency Program ,IM,Existing,,,,0,0,No,FY19/20,Fresno,Tier 1,"155 N Fresno St., Fresno, California 93701",36.74381414,-119.7823593,2,
University of Southern California/LAC+USC Medical Center Emergency Medicine Residency Program,EM,Expanding,,,,0,,No,FY19/20,Los Angeles,Tier 2,"2051 Marengo St, Los Angeles, CA 90033",34.05981581,-118.2081932,1,
University of Southern California/LAC+USC Medical Center Internal Medicine Residency Program,IM,Existing,,,,0,0,No,FY19/20,Los Angeles,Tier 2,"2051 Marengo St, Los Angeles, CA 90033",34.05981581,-118.2081932,1,
OPTI West/Montclair Family Medicine Residency Program,FM,Existing,,,,0,,No,FY19/20,San Bernardino,Tier 1,"5000 San Bernardino St, Montclair, CA 91763",34.07886079,-117.6953423,1,
Adventist Health Hanford Family Medicine Residency Program,FM,Existing,,,1,1,150000,Yes,FY20/21,Kings,Tier 1,"1025 N Douty St Ste 105, Hanford, CA 93230",36.33705706,-119.6442261,4,
Adventist Health Tulare Family Medicine Residency Program,FM,New,3,,,3,675000,Yes,FY20/21,Tulare,Tier 1,"869 N Cherry St,, Tulare, California 93274",36.33705706,-119.6442261,2,
Adventist Health Ukiah Valley Family Medicine Residency Program ,FM,New,1,,,1,225000,Yes,FY20/21,Mendocino,Tier 2,"236 #B Hospital Drive, Ukiah, California 95482",39.15318018,-123.2024636,2,
Adventist Health White Memorial Family Medicine Residency Program ,FM,Existing,,,1,1,150000,Yes,FY20/21,Los Angeles,Tier 2,"1720 E Cesar E Chavez Avenue, Los Angeles, California 90033",34.04950114,-118.2168521,3,
Adventist Health White Memorial Internal Medicine Residency Program ,IM,Existing,,,1,1,150000,Yes,FY20/21,Los Angeles,Tier 2,"1720 E Cesar E Chavez Avenue, Los Angeles, California 90033",34.04950114,-118.2168521,2,
Adventist Health White Memorial Obstetrics and Gynecology Residency Program ,OBGYN,Existing,,,4,4,800000,Yes,FY20/21,Los Angeles,Tier 2,"1720 E Cesar E Chavez Avenue, Los Angeles, California 90033",34.04950114,-118.2168521,3,
Alameda Health System-Highland Hospital Emergency Medicine Residency Program ,EM,Existing,,,1,1,200000,Yes,FY20/21,Alameda,Tier 3,"1411 East 31st Street, Oakland, California 94602",37.79814051,-122.2298755,3,
Alameda Health System-Highland Hospital Internal Medicine Residency Program ,IM,Existing,,,1,1,150000,Yes,FY20/21,Alameda,Tier 3,"1411 East 31st Street, Oakland, California 94602",37.79814051,-122.2298755,3,
AltaMed Health Services Family Medicine Residency Program ,FM,New,2,,,2,450000,Yes,FY20/21,Los Angeles,Tier 2,"2040 Camfield Avenue, Los Angeles, California 90040",37.82056951,-122.2630384,2,
Arrowhead Regional Medical Center Emergency Medicine Residency Program ,EM,Existing,,,1,1,200000,Yes,FY20/21,San Bernardino,Tier 1,"400 N. Pepper Ave., Colton, California 92324",34.07422886,-117.3506422,2,
Arrowhead Regional Medical Center Family Medicine Residency Program ,FM,Expanding,,1,,1,180000,Yes,FY20/21,San Bernardino,Tier 1,"400 N. Pepper Ave., Colton, California 92324",34.07422886,-117.3506422,2,
Arrowhead Regional Medical Center Internal Medicine Residency Program ,IM,Existing,,,2,2,300000,Yes,FY20/21,San Bernardino,Tier 1,"400 N. Pepper Ave., Colton, California 92324",34.07422886,-117.3506422,3,
Arrowhead Regional Medical Center Obstetrics and Gynecology Residency Program ,OBGYN,Existing,,,3,3,600000,Yes,FY20/21,San Bernardino,Tier 1,"400 N. Pepper Ave., Colton, California 92324",34.07422886,-117.3506422,3,
Children's Hospital of Los Angeles Pediatric Residency Program ,Peds,Expanding,,5,,5,900000,Yes,FY20/21,Los Angeles,Tier 2,"4650 Sunset Blvd, Los Angeles, California 90027",34.09781655,-118.2891695,3,
UCSF Benioff Children's Hospital Oakland Pediatric Residency Program,Peds,Existing,,,5,5,750000,Yes,FY20/21,Alameda,Tier 3,"747 52nd St, Oakland, CA 94609",37.83742733,-122.2664274,4,
Clinica Sierra Vista - Bakersfield Family Medicine Residency Program ,FM,Expanding,,2,,2,360000,Yes,FY20/21,Kern,Tier 1,"7800 Niles St, Bakersfield, California 93306",35.3769903,-118.9174781,3,
Contra Costa Regional Medical Center Family Medicine Residency Program ,FM,Existing,,,1,1,150000,Yes,FY20/21,Contra Costa,Tier 2,"2500 Alhambra Ave, Martinez, California 94553",38.00685485,-122.1323363,3,
Desert Regional Medical Center Emergency Medicine Residency Program ,EM,Expanding,,2,,2,360000,Yes,FY20/21,Riverside,Tier 1,"1150 N Indian Canyon Drive, Palm Springs, California 92262",33.83897159,-116.5426436,1,
Desert Regional Medical Center Family Medicine Residency Program,FM,New,2,,,2,450000,Yes,FY20/21,Riverside,Tier 1,"1150 N Indian Canyon Drive, Palm Springs, California 92262",33.83897159,-116.5426436,2,
Dignity Health Methodist Hospital of Sacramento Family Medicine Residency Program ,FM,Existing,,,1,1,150000,Yes,FY20/21,Sacramento,Tier 2,"7500 Hospital Drive, Sacramento, California 95823",38.46296036,-121.4168322,3,
Eisenhower Medical Center Emergency Medicine Residency Program ,EM,New,2,,,2,450000,Yes,FY20/21,Riverside,Tier 1,"39000 Bob Hope Drive, AHSB, GME Office, Suite 201, Rancho Mirage, California 92270",33.76371856,-116.4045582,2,
Eisenhower Medical Center Family Medicine Residency Program ,FM,Existing,,,1,1,150000,Yes,FY20/21,Riverside,Tier 1,"39000 Bob Hope Drive, AHSB, GME Office, Suite 201, Rancho Mirage, California 92270",33.76371856,-116.4045582,3,
Emanate Health Family Medicine Residency Program ,FM,Existing,,,1,1,150000,Yes,FY20/21,Los Angeles,Tier 2,"1115 S. Sunset Avenue, West Covina, California 91710",34.06238145,-117.9447596,2,
Family Health Centers of San Diego Family Medicine Residency Program ,FM,Existing,,,1,1,150000,Yes,FY20/21,San Diego,Tier 2,"823 Gateway Center Way, San Diego, California 92102",32.71552625,-117.1125834,3,
Kaiser Permanente Northern California (Greater Sacramento Valley) Family Medicine Residency Program ,FM,New,1,,,1,225000,Yes,FY20/21,Sacramento,Tier 2,"501 J Street, Sacramento, California 95814",38.59643814,-121.4289879,1,
Kaiser Permanente Northern California (Santa Rosa) Family Medicine Residency Program ,FM,New,1,,,1,225000,Yes,FY20/21,Sonoma,Tier 2,"401 Bicentennial Way, Santa Rosa, California 95403",38.47834049,-122.729438,1,
Kaiser Permanente Northern California Emergency Medicine Residency Program ,EM,New,1,,,1,225000,Yes,FY20/21,Stanislaus,Tier 2,"4601 Dale Road, Modesto, California 95356",38.59643814,-121.4289879,1,
Kaiser Permanente Southern California (Los Angeles)  Pediatric Residency Program ,Peds,Expanding,,1,2,3,480000,Yes,FY20/21,Los Angeles,Tier 2,"4733 Sunset Blvd, 3rd floor, Los Angeles, California 90027",34.09852118,-118.2940291,3,
Kaweah Delta Health Care District (KDHCD) Emergency Medicine Residency Program ,EM,Expanding,,1,,1,180000,Yes,FY20/21,Tulare,Tier 1,"400 W Mineral King Ave, Visalia, California 93291",36.32873621,-119.2942394,3,
Kaweah Delta Health Care District (KDHCD) Family Medicine Residency Program ,FM,Existing,,,1,1,150000,Yes,FY20/21,Tulare,Tier 1,"400 W Mineral King Ave, Visalia, California 93291",36.32873621,-119.2942394,2,
Keck Medicine Family Medicine Residency Program,FM,New,1,,,1,225000,Yes,FY20/21,Los Angeles,Tier 2,"1520 San Pablo Street, Suite 1300, Los Angeles, California 90033",34.07457917,-118.2004027,1,
Kern Medical Center Emergency Medicine Residency Program ,EM,Existing,,,1,1,200000,Yes,FY20/21,Kern,Tier 1,"1700 Mount Vernon, Bakersfield, California 93306",35.38273862,-118.968872,3,
Kern Medical Center Internal Medicine Residency Program ,IM,Existing,,,1,1,150000,Yes,FY20/21,Kern,Tier 1,"1700 Mount Vernon, Bakersfield, California 93306",35.38273862,-118.968872,2,
Kern Medical Center Obstetrics and Gynecology Residency Program ,OBGYN,Existing,,,4,4,800000,Yes,FY20/21,Kern,Tier 1,"1700 Mount Vernon, Bakersfield, California 93306",35.38273862,-118.968872,3,
LifeLong Medical Care Family Medicine Residency Program ,FM,New,2,,,2,450000,Yes,FY20/21,Contra Costa,Tier 2,"150 Harbour Way, Richmond, California 94801",35.38273862,-118.968872,1,
Loma Linda University Health Education Consortium  Pediatric Residency Program ,Peds,Existing,,,5,5,750000,Yes,FY20/21,San Bernardino,Tier 1,"11175 Campus St. CP-A1121, Loma Linda, CA 92354",34.04953609,-117.262923,2,
Loma Linda University Health Education Consortium Emergency Medicine Residency Program ,EM,Expanding,,1,,1,180000,Yes,FY20/21,San Bernardino,Tier 1,"11175 Campus St. MC-A122, Loma Linda, CA 92354",34.04953609,-117.262923,2,
Loma Linda University Health Education Consortium Family Medicine Residency Program ,FM,Expanding,,1,,1,180000,Yes,FY20/21,San Bernardino,Tier 1,"1200 California St Suite 240, Redlands, California 92374",34.04953609,-117.262923,1,
Loma Linda University Health Education Consortium Internal Medicine Residency Program ,IM,Existing,,,2,2,300000,Yes,FY20/21,San Bernardino,Tier 1,"11234 Anderson St. MC-1503, Loma Linda, California 92350",34.04953609,-117.262923,1,
Loma Linda University Health Education Consortium Obstetrics and Gynecology Residency Program ,OBGYN,Existing,,,5,5,1000000,Yes,FY20/21,San Bernardino,Tier 1,"11175 Campus St CP-11105, Loma Linda, California 92350",34.04953609,-117.262923,2,
Loma Linda University Medical Center - Murrieta Family Medicine Residency Program ,FM,New,1,,,1,225000,Yes,FY20/21,Riverside,Tier 1,"28062 Baxter Road, Murrieta, California 92563",34.04953609,-117.262923,2,
Los Angeles County-Harbor-UCLA Medical Center Family Medicine Residency Program ,FM,Existing,,,1,1,150000,Yes,FY20/21,Los Angeles,Tier 2,"1403 W Lomita Blvd Suite 102, Harbor City, California 90710",33.83000478,-118.294114,2,
Los Angeles County-Harbor-UCLA Medical Center Obstetrics and Gynecology Residency Program ,OBGYN,Existing,,,5,5,1000000,Yes,FY20/21,Los Angeles,Tier 2,"1000 West Carson Street, Torrance, California 90502",33.83000478,-118.294114,2,
Los Angeles County-Harbor-UCLA Medical Center Pediatric Residency Program ,Peds,Existing,,,5,5,750000,Yes,FY20/21,Los Angeles,Tier 2,"1000 West Carson Street, Torrance, California 90502",33.83000478,-118.294114,3,
Los Robles Regional Medical Center Internal Medicine Residency Program,IM,New,2,,,2,450000,Yes,FY20/21,Ventura,Tier 2,"215 W Janss Rd, Thousand Oaks, CA 91360",34.2074569,-118.8823344,1,
Marian Regional Medical Center Obstetrics and Gynecology Residency Program ,OBGYN,New,3,,,3,900000,Yes,FY20/21,Santa Barbara,Tier 2,"1400 East Church Street, Santa Maria, California 93454",34.9513285,-120.411754,1,
Mercy Medical Center (Merced) Family Medicine Residency Program ,FM,Existing,,,1,1,150000,Yes,FY20/21,Merced,Tier 1,"315 Mercy Avenue, Ste. 301, Merced, California 95340",37.34006954,-120.4663914,3,
Natividad Medical Center Family Medicine Residency Program ,FM,Existing,,,1,1,150000,Yes,FY20/21,Monterey,Tier 2,"1441 Constitution Blvd, Salinas, California 93906",36.69664875,-121.6316607,3,
Olive View/UCLA Medical Center Internal Medicine Residency Program ,IM,Existing,,,1,1,150000,Yes,FY20/21,Los Angeles,Tier 2,"14445 Olive View Drive, Sylmar, California 91342",34.3260158,-118.4452598,2,
OPTI West/College Medical Center Long Beach Internal Medicine Residency Program ,IM,Existing,,,1,1,150000,Yes,FY20/21,Los Angeles,Tier 2,"2776 Pacific Ave, Long Beach, California 90806",33.80748499,-118.1915789,1,
Pomona Valley Hospital Medical Center Family Medicine Residency Program ,FM,Expanding,,1,,1,180000,Yes,FY20/21,Los Angeles,Tier 2,"1770 N. Orange Grove Ave, Pomona, California 91767",34.0777855,-117.7502136,3,
Prime West Consortium/Chino Valley Medical Center Family Medicine Residency Program ,FM,Existing,,,1,1,150000,Yes,FY20/21,San Bernardino,Tier 1,"5451 Walnut Ave, Chino, California 91710",34.02623309,-117.6853884,2,
Prime West Consortium/West Anaheim Medical Center Internal Medicine Residency Program ,IM,Existing,,,1,1,150000,Yes,FY20/21,Orange,Tier 2,"3033 W. Orange Avenue, Anaheim, California 92804",33.82577347,-117.9943893,1,
Riverside Community Hospital/University of California Riverside School of Medicine Emergency Medicine Residency Program ,EM,Expanding,,2,,2,360000,Yes,FY20/21,Riverside,Tier 1,"4445 Magnolia Ave, Riverside, California 92501",33.97726577,-117.3809471,3,
Riverside Community Hospital/University of California Riverside School of Medicine Family Medicine Residency Program ,FM,Existing,,,1,1,150000,Yes,FY20/21,Riverside,Tier 1,"4445 Magnolia Ave, Riverside, California 92501",33.97726577,-117.3809471,3,
Riverside Community Hospital/University of California Riverside School of Medicine Internal Medicine Residency Program ,IM,Existing,,,1,1,150000,Yes,FY20/21,Riverside,Tier 1,"4445 Magnolia Ave, Riverside, California 92501",33.97726577,-117.3809471,3,
Riverside University Health System Emergency Medicine Residency Program,EM,New,5,,,5,1125000,Yes,FY20/21,Riverside,Tier 1,"26520 Cactus Ave, Moreno Valley, California 92555",33.91231134,-117.1951568,2,
Riverside University Health System Internal Medicine Residency Program,IM,New,5,,,5,1125000,Yes,FY20/21,Riverside,Tier 1,"26520 Cactus Ave, Moreno Valley, California 92555",33.91231134,-117.1951568,2,
Riverside University Health System/University of California Riverside Family Medicine Residency Program ,FM,Existing,,,1,1,150000,Yes,FY20/21,Riverside,Tier 1,"26520 Cactus Ave, Moreno Valley, California 92555",33.91231134,-117.1951568,1,
San Joaquin General Hospital Family Medicine Residency Program ,FM,Existing,,,1,1,150000,Yes,FY20/21,San Joaquin,Tier 1,"500 W. Hospital Rd, French Camp, California 95231",37.88631135,-121.2826046,3,
San Joaquin General Hospital Internal Medicine Residency Program ,IM,Existing,,,1,1,150000,Yes,FY20/21,San Joaquin,Tier 1,"500 W. Hospital Rd, French Camp, California 95231",37.88631135,-121.2826046,3,
San Ysidro Health Internal Medicine Residency Program ,IM,New,4,,,4,900000,Yes,FY20/21,San Diego,Tier 2,"1601 Precision Park Lane, San Diego, California 92173",32.6790721,-117.1035539,2,
Santa Clara Valley Medical Center Internal Medicine Residency Program ,IM,Existing,,,1,1,150000,Yes,FY20/21,Santa Clara,Tier 3,"751 South Bascom Avenue, San Jose, California 95128",37.31353744,-121.9327424,2,
Scripps Mercy Hospital Family Medicine Residency Program ,FM,Expanding,,1,,1,180000,Yes,FY20/21,San Diego,Tier 2,"435 H Street CV-112, Chula Vista, California 91910",32.75171898,-117.1598214,2,
Scripps Mercy Hospital Internal Medicine Residency Program ,IM,Expanding,,1,,1,180000,Yes,FY20/21,San Diego,Tier 2,"4077 Fifth Ave., MER 35, San Diego, California 92103",32.75171898,-117.1598214,1,
Shasta Community Health Center Family Medicine Residency Program ,FM,Existing,,,1,1,150000,Yes,FY20/21,Shasta,Tier 2,"1035 Placer Street, Redding, California 96001",40.58336723,-122.384003,1,
St Joseph Hospital-Eureka Family Medicine Residency Program ,FM,New,1,,,1,225000,Yes,FY20/21,Humboldt,Tier 2,"2700 Dolbeer Street, Eureka, California 95501",40.78838399,-124.1399101,2,
St Joseph's Medical Center Emergency Medicine Residency Program ,EM,New,5,,,5,1125000,Yes,FY20/21,San Joaquin,Tier 1,"2102 N California Stree, Stockton, California 95204",37.97031039,-121.2877059,1,
St Joseph's Medical Center Family Medicine Residency Program ,FM,New,3,,,3,675000,Yes,FY20/21,San Joaquin,Tier 1,"2102 N California Stree, Stockton, California 95204",37.97031039,-121.2877059,1,
St Joseph's Medical Center Internal Medicine Residency Program ,IM,New,3,,,3,675000,Yes,FY20/21,San Joaquin,Tier 1,"2102 N California Stree, Stockton, California 95204",37.97031039,-121.2877059,2,
St Mary Medical Center Internal Medicine Residency Program ,IM,Expanding,,1,1,2,330000,Yes,FY20/21,Los Angeles,Tier 2,"1050 Linden Ave, Long Beach, California 90813",37.77410997,-122.4524373,1,
St. Agnes Medical Center (Fresno) Emergency Medicine Residency Program ,EM,New,5,,,5,1125000,Yes,FY20/21,Fresno,Tier 1,"1313 E. Herndon Avenue, Fresno, California 93720",36.83537392,-119.7652381,1,
St. Agnes Medical Center (Fresno) Family Medicine Residency Program ,FM,New,1,,,1,225000,Yes,FY20/21,Fresno,Tier 1,"1313 E. Herndon Avenue, Fresno, California 93720",36.83537392,-119.7652381,2,
St. Agnes Medical Center (Fresno) Internal Medicine Residency Program ,IM,New,3,,,3,675000,Yes,FY20/21,Fresno,Tier 1,"1313 E. Herndon Avenue, Fresno, California 93720",36.83537392,-119.7652381,3,
Stanford Health Care-Sponsored Stanford University Family Medicine Residency Program ,FM,Existing,,,1,1,150000,Yes,FY20/21,Santa Clara,Tier 3,"455 O'Connor Drive, Suite 250, San Jose, California 95128",37.44074025,-122.1489488,3,
Stanford Health Care-Sponsored Stanford University Pediatric Residency Program ,Peds,Expanding,,4,1,5,870000,Yes,FY20/21,San Mateo,Tier 2,"725 Welch Rd., Palo Alto, California 94304",37.44074025,-122.1489488,3,
Sutter Health Rural Family Medicine Residency Program ,FM,New,1,,,1,225000,Yes,FY20/21,Amador,Tier 2,"200 Mission Boulevard, Jackson, California 95642",38.57046007,-121.4655303,1,
Sutter Santa Rosa Regional Hospital/University of California (San Francisco) Family Medicine Residency Program ,FM,Existing,,,1,1,150000,Yes,FY20/21,Sonoma,Tier 2,"3569 Round Barn Circle, Santa Rosa, California 95403",38.49552253,-122.7480468,1,
UCLA David Geffen School of Medicine/UCLA Medical Center  Pediatric Residency Program ,Peds,Existing,,,4,4,600000,Yes,FY20/21,Los Angeles,Tier 2,"10889 Wilshire Blvd. Suite 700 
Los Angeles, CA 90095",34.06439842,-118.4411868,3,
UHS SoCal MEC Emergency Medicine Residency Program,EM,New,1,,,1,225000,Yes,FY20/21,Riverside,Tier 1,"31700 Temecula Parkway, Suite 2 - GME, Temecula, California 92592",33.4808191,-117.105719,1,
UHS Southern California Medical Education Consortium Family Medicine Residency Program ,FM,New,3,,,3,675000,Yes,FY20/21,Riverside,Tier 1,"31700 Temecula Parkway, Suite 2 - GME, Temecula, California 92592",33.4808191,-117.105719,2,
UHS Southern California Medical Education Consortium Internal Medicine Residency Program ,IM,New,1,,,1,225000,Yes,FY20/21,Riverside,Tier 1,"31700 Temecula Parkway, Suite 2 - GME, Temecula, California 92592",33.4808191,-117.105719,2,
University of California (San Diego) Medical Center Emergency Medicine Residency Program ,EM,Existing,,,1,1,200000,Yes,FY20/21,Imperial,Tier 1,"200 W Arbor Drive, MC8676, San Diego, California 92103",32.87492616,-117.2354156,1,
University of California (San Francisco) Obstetrics and Gynecology Residency Program ,OBGYN,Existing,,,1,1,200000,Yes,FY20/21,San Francisco,Tier 3,"490 Illinois St., 10th floor Box 0132, San Francisco, California 94143",37.7634542,-122.4577849,1,
University of California (San Francisco) Pediatric Residency Program ,Peds,Existing,,,3,3,450000,Yes,FY20/21,San Francisco,Tier 3,"550 16th Street, Mission Hall, Box 0110, San Francisco, California 94143",37.7634542,-122.4577849,1,
University of California (San Francisco)/Fresno  Pediatric Residency Program ,Peds,Existing,,,5,5,750000,Yes,FY20/21,Fresno,Tier 1,"155 N Fresno St., Fresno, California 93701",36.74381414,-119.7823593,3,
University of California (San Francisco)/Fresno Emergency Medicine Residency Program ,EM,Expanding,,,1,1,200000,Yes,FY20/21,Fresno,Tier 1,"155 N Fresno St., Fresno, California 93701",36.74381414,-119.7823593,2,
University of California (San Francisco)/Fresno Family Medicine Residency Program ,FM,Existing,,,1,1,150000,Yes,FY20/21,Fresno,Tier 1,"155 N Fresno St., Fresno, California 93701",36.74381414,-119.7823593,2,
University of California (San Francisco)/Fresno Internal Medicine Residency Program ,IM,Existing,,,1,1,150000,Yes,FY20/21,Fresno,Tier 1,"155 N Fresno St., Fresno, California 93701",36.74381414,-119.7823593,2,
University of California (San Francisco)/Fresno Obstetrics and Gynecology Residency Program ,OBGYN,Existing,,,5,5,1000000,Yes,FY20/21,Fresno,Tier 1,"155 N Fresno St., Fresno, California 93701",36.74381414,-119.7823593,2,
University of California (San Francisco)/San Francisco General Hospital Emergency Medicine Residency Program ,EM,Expanding,,1,,1,240000,Yes,FY20/21,San Francisco,Tier 3,"505 Parnassus Avenue, M24, Box 0203, San Francisco, California 94143",37.75550552,-122.4047705,3,
University of California Davis Health Family Medicine Residency Program ,FM,Existing,,,1,1,150000,Yes,FY20/21,Sacramento,Tier 2,"4860 Y Street, Suite 2500, Sacramento, California 95817",38.55194451,-121.4484522,3,
University of California Davis Health Internal Medicine Residency Program ,IM,Existing,,,1,1,150000,Yes,FY20/21,Sacramento,Tier 2,"4150 V Street #1100, Sacramento, California 95817",38.55194451,-121.4484522,3,
UC Riverside School of Medicine/Saint Bernardine Medical Center Family Medicine Residency Program.,FM,Existing,,,1,1,150000,Yes,FY20/21,Riverside,Tier 1,"OM Education Building, 900 University Ave, Riverside, CA, 92521 ",33.9755821,-117.331627,1,
University of Southern California/LAC+USC Medical Center Emergency Medicine Residency Program ,EM,Existing,,,1,1,200000,Yes,FY20/21,Los Angeles,Tier 2,"1200 North State Street, GNH 1011, Los Angeles, California 90033",34.05789562,-118.2070511,1,
University of Southern California/LAC+USC Medical Center Obstetrics and Gynecology Residency Program ,OBGYN,Existing,,,4,4,800000,Yes,FY20/21,Los Angeles,Tier 2,"1200 N State St IPT Room C3-F107, Los Angeles, California 90033",34.05789562,-118.2070511,1,
Valley Children's Healthcare Pediatric Residency Program ,Peds,Existing,,,5,5,750000,Yes,FY20/21,Madera,Tier 1,"9300 Valley Children's Place, Madera, California 93636",36.88424254,-119.799721,3,
Valley Consortium for Medical Education Family Medicine Family Medicine Residency Program ,FM,Existing,,,1,1,150000,Yes,FY20/21,Stanislaus,Tier 2,"1400 Florida Ave, Suite 102, Modesto, California 95350",37.66415102,-120.9948597,3,
"Valley Health Team, Inc. Family Medicine Residency Program ",FM,Existing,,,1,1,150000,Yes,FY20/21,Fresno,Tier 1,"4711 W. Ashlan Avenue, Fresno, California 93722",36.79314417,-119.877368,3,
Marian Regional Medical Center Family Medicine Residency Program ,FM,Existing,0,0,1,1,150000,Yes,FY20/21,Santa Barbara,Tier 2,"1400 East Church Street, Santa Maria, California 93454",34.95096845,-120.4134643,2,
Ventura County Medical Center Family Medicine Residency Program ,FM,Existing,0,0,1,1,150000,Yes,FY20/21,Ventura,Tier 2,"300 Hillmont St, Suite 120, Ventura, California 93003",34.27766036,-119.2529839,4,
UCLA David Geffen School of Medicine/UCLA Medical Center Family Medicine Residency Program ,FM,Existing,0,0,1,1,150000,Yes,FY20/21,Los Angeles,Tier 2,"1920 Colorado Avenue, Santa Monica, California 90404",34.02514842,-118.4768769,3,
Adventist Health Glendale Family Medicine Residency Program ,FM,Existing,,,,0,0,No,FY20/21,Los Angeles,Tier 2,"801 S. Chevy Chase. Dr. #201, Glendale, California 91205",34.13681933,-118.240405,1,
Community Memorial Health System Family Medicine Residency Program ,FM,Existing,,,,0,0,No,FY20/21,Ventura,Tier 2,"147 N. Brent Street, Ventura, California 93003",34.2746498,-119.257686,3,
Community Memorial Health System Internal Medicine Residency Program ,IM,Existing,,,,0,0,No,FY20/21,Ventura,Tier 2,"147 N. Brent Street, Ventura, California 93003",34.2746498,-119.257686,3,
Dignity Health Northridge Hospital Medical Center Family Medicine Residency Program ,FM,Existing,,,,0,0,No,FY20/21,Los Angeles,Tier 2,"18460 Roscoe, Northridge, California 91325",34.22048004,-118.535667,2,
Eisenhower Medical Center Internal Medicine Residency Program ,IM,Existing,,,,0,0,No,FY20/21,Riverside,Tier 1,"39000 Bob Hope Drive, AHSB, GME Office, Suite 201, Rancho Mirage, California 92270",33.76371856,-116.4045582,1,
John Muir Health Family Medicine Residency Program ,FM,Existing,,,,0,0,No,FY20/21,Contra Costa,Tier 2,"1450 Treat Boulevard, Walnut Creek, California 94597",37.92626927,-122.0521587,2,
Kaiser Permanente Northern California (Oakland) Obstetrics and Gynecology Residency Program ,OBGYN,Expanding,,,,0,0,No,FY20/21,Alameda,Tier 3,"1800 Harrison St 21st floor, Oakland, California 94612",37.80599864,-122.264892,1,
Kaiser Permanente Northern California (Santa Clara) Obstetrics and Gynecology Residency Program ,OBGYN,Expanding,,,,0,0,No,FY20/21,Santa Clara,Tier 3,"710 Lawrence Expy, Santa Clara , California 95051",37.33658286,-121.9974156,1,
Kaiser Permanente Southern California (Fontana) Family Medicine Residency Program ,FM,Existing,,,,0,0,No,FY20/21,San Bernardino,Tier 1,"9961 Sierra Ave, Fontana, CA 92335",34.07299217,-117.4354367,2,
Kaiser Permanente Southern California (Fontana) Internal Medicine Residency Program,IM,Existing,,,,0,0,No,FY20/21,San Bernardino,Tier 1,"9961 Sierra Ave, Fontana, CA 92335",34.07299217,-117.4354367,2,
Marian Regional Medical Center Family Medicine Residency Program ,FM,Existing,,,,0,0,No,FY20/21,Santa Barbara,Tier 2,"1400 East Church Street, Santa Maria, California 93454",34.9513285,-120.411754,2,
Mercy Medical Center (Redding) Family Medicine Residency Program ,FM,Existing,,,,0,0,No,FY20/21,Shasta,Tier 2,"2175 Rosaline Ave, Redding, California 96001",40.57218961,-122.395265,2,
Stanford Health Care-Sponsored Stanford University Obstetrics and Gynecology Residency Program ,OBGYN,Existing,,,,0,0,No,FY20/21,Santa Clara,Tier 3,"300 Pasteur Drive, Stanford, California 94305",37.43324497,-122.1749734,2,
UCLA David Geffen School of Medicine/UCLA Medical Center Family Medicine Residency Program ,FM,Existing,,,,0,0,No,FY20/21,Los Angeles,Tier 2,"1920 Colorado Avenue, Santa Monica, California 90404",34.02539,-118.4769591,3,
University of California (San Diego) Medical Center Family Medicine Residency Program ,FM,Expanding,,,,0,0,No,FY20/21,San Diego,Tier 2,"200 W. Arbor Dr MC 8809, San Diego, California 92103",32.75521368,-117.165905,5,
University of California (San Diego) Medical Center Family Medicine Residency Program ,FM,Existing,,,,0,0,No,FY20/21,San Diego,Tier 2,"200 W. Arbor Dr MC 8809, San Diego, California 92103",32.75521368,-117.165905,5,
University of California (San Diego) Medical Center Pediatric Residency Program ,Peds,Existing,,,,0,0,No,FY20/21,San Diego,Tier 2,"3020 Children's Way, #5124, San Diego, California 92123",32.79807613,-117.1514196,2,
University of California Davis Health Obstetrics and Gynecology Residency Program ,OBGYN,Existing,,,,0,0,No,FY20/21,Sacramento,Tier 2,"4860 Y Street, Suite 2500, Sacramento, California 95817",38.55194451,-121.4484522,3,
University of California Davis Health Pediatric Residency Program ,Peds,Existing,,,,0,0,No,FY20/21,Sacramento,Tier 2,"2516 Stockton Blvd, Sacramento, California 95817",38.55256987,-121.4565858,2,
University of California Riverside School of Medicine Family Medicine Residency Program ,FM,Existing,,,,0,0,No,FY20/21,Riverside,Tier 1,"900 University Avenue, University of California, Riverside, California 92521",33.97428613,-117.3237743,1,
Ventura County Medical Center Family Medicine Residency Program ,FM,Existing,,,,0,0,No,FY20/21,Ventura,Tier 2,"300 Hillmont St, Suite 120, Ventura, California 93003",34.27666743,-119.2522865,4,
Alameda Health System-Highland Hospital Emergency Medicine Residency Program,EM,Existing,,,1,1,200000,Yes,FY21/22,Alameda,Tier 3,"1411 E 31st St, Oakland, California 94602",37.7990596,-122.2325063,1,
UCSF (Fresno) Emergency Medicine Residency Program,EM,Expanding,,2,3,5,1080000,Yes,FY21/22,Fresno,Tier 1,"155 N. Fresno St, Fresno, California 93701",36.7436056,-119.7821858,2,
St. Agnes Medical Center Fresno Emergency Medicine Residency Program,EM,New,1,,,1,225000,Yes,FY21/22,Fresno,Tier 1,"1313 East Herndon Avenue, Fresno, California 93720",36.8348077,-119.7646354,1,
Kern Medical Center Emergency Medicine Residency Program,EM,Existing,,,1,1,200000,Yes,FY21/22,Kern,Tier 1,"1700 Mount Vernon Avenue, Bakersfield, California 93306",35.3829347,-118.9705331,1,
LA County-Harbor-UCLA Emergency Medicine Residency Program,EM,Existing,,,3,3,600000,Yes,FY21/22,Los Angeles,Tier 2,"1000 West Carson Street, Box 21, Torrance, California 90502",33.8298622,-118.2947363,2,
University of Southern California/LAC+USC Medical Center Emergency Medicine,EM,Existing,,,3,3,600000,Yes,FY21/22,Los Angeles,Tier 2,"1200 North State Street, GNH1011, Los Angeles, California 90033",34.0597615,-118.2087121,1,
HCA Healthcare Riverside Emergency Medicine Residency Program,EM,Existing,,,1,1,150000,Yes,FY21/22,Riverside,Tier 1,"4445 Magnolia Ave, Riverside, California 92501",33.9100913,-117.2032901,1,
Riverside University Health System Emergency Medicine Residency Program,EM,New,5,,,5,1125000,Yes,FY21/22,Riverside,Tier 1,"26250 Cactus Ave., Moreno Valley, California 92555",33.9100913,-117.2032901,2,
Eisenhower Medical Center Emergency Medicine Residency Program,EM,New,1,,,1,225000,Yes,FY21/22,Riverside,Tier 1,"39000 Bob Hope Dr, AHSB, GME, Suite 201, Rancho Mirage, California 92270",33.7622196,-116.4055103,2,
UHS Southern California Medical Education Consortium Emergency Medicine Residency Program,EM,New,1,,,1,225000,Yes,FY21/22,Riverside,Tier 1,"31700 Temecula Parkway, Pkwy Suites- GME #1, Temecula, California 92592",33.480884,-117.1062151,1,
Desert Regional Medical Center Emergency Medicine Residency Program,EM,Expanding,,1,,1,180000,Yes,FY21/22,Riverside,Tier 1,"1150 N. Indian Canyon Drive, Palm Springs, California 92262",33.8385716,-116.5434838,3,
Loma Linda University Health Emergency Medicine Residency,EM,Expanding,,1,,1,180000,Yes,FY21/22,San Bernardino,Tier 1,"11175 Campus St. MC-A122, Loma Linda, California 92354",34.050424,-117.2640752,2,
Arrowhead Regional Medical Center Emergency Medicine Residency Program,EM,Existing,,,5,5,1000000,Yes,FY21/22,San Bernardino,Tier 1,"400 N. Pepper Ave., Colton, California 92324",37.7631182,-122.4578207,2,
UCSD Emergency Medicine Residency Training Program,EM,Expanding,,1,,1,240000,Yes,FY21/22,San Diego,Tier 2,"200 W Arbor Dr MC 8676, San Diego, California 92103",32.7543838,-117.1658336,3,
UCSF/San Francisco General Hospital EM ,EM,Expanding,,1,,1,240000,Yes,FY21/22,San Francisco,Tier 3,"505 Parnassus Avenue, San Francisco, California 94143",37.7631182,-122.4578207,1,
St. Joseph's Medical Center Emergency Medicine Residency Program,EM,Existing,,,1,1,150000,Yes,FY21/22,San Joaquin,Tier 1,"2102 N. California Street, Stockton, California 95204",37.9732792,-121.2896716,2,
Kaweah Delta Health Care District Emergency Medicine Residency,EM,Existing,,,1,1,150000,Yes,FY21/22,Tulare,Tier 1,"400 W. Mineral King Ave, Visalia, California 93291",36.328572,-119.2949582,1,
John Muir Health Family Medicine Residency Program,FM,Existing,,,1,1,150000,Yes,FY21/22,Contra Costa,Tier 2,"1450 Treat Boulevard, Walnut Creek, California 94597",36.7436056,-119.7821858,2,
Contra Costa Regional Medical Center Family Medicine Residency Program,FM,Existing,,,1,1,150000,Yes,FY21/22,Contra Costa,Tier 2,"2500 Alhambra Avenue, Martinez, California 94553",38.0060892,-122.1327778,1,
LifeLong Medical Care Family Medicine Residency Traning Program,FM,New,3,,,3,675000,Yes,FY21/22,Contra Costa,Tier 2,"150 Harbour Way, Richmond, California 94801",40.7840836,-124.1421822,2,
"Valley Health Team, Inc. Family Medicine Residency Program",FM,Expanding,,1,,1,180000,Yes,FY21/22,Fresno,Tier 1,"4711 West Ashlan Avenue, Fresno, California 93722",36.7930357,-119.8783112,1,
UCSF (Fresno) Family Medicine Residency Program,FM,Existing,,,3,3,450000,Yes,FY21/22,Fresno,Tier 1,"155 Fresno Street, Fresno, California 93701",36.7436056,-119.7821858,2,
St. Agnes Medical Center (Fresno) Family Medicine Residency Program,FM,New,1,,,1,225000,Yes,FY21/22,Fresno,Tier 1,"1313 Herndon Avenue Suite #105, Fresno, California 93720",36.8369131,-119.7651976,1,
St. Joseph Health Family Medicine Residency Program,FM,New,1,,,1,225000,Yes,FY21/22,Humboldt,Tier 2,"2700 Dolbeer, Eureka, California 95501",40.7840836,-124.1421822,1,
Clinica Sierra Vista - Bakersfield Family Medicine Residency Program,FM,Existing,,,1,1,150000,Yes,FY21/22,Kern,Tier 1,"7800 Niles Street, Bakersfield, California 93306",35.3769949,-118.918018,1,
Adventist Health Hanford Family Medicine Residency Program,FM,Existing,,,1,1,150000,Yes,FY21/22,Kings,Tier 1,"1025 N Douty Street, Suite 105, Hanford, California 93230",36.3360085,-119.6456177,4,
Pomona Valley Hospital Medical Center Family Medicine Residency Training Program,FM,Expanding,,1,,1,180000,Yes,FY21/22,Los Angeles,Tier 2,"1770 N. Orange Grove Avenue, Suite 201, Pomona, California 91767",34.076243,-117.7489703,1,
Adventist Health Glendale Family Medicine Residency Program,FM,Existing,,,1,1,150000,Yes,FY21/22,Los Angeles,Tier 2,"1509 Wilson Terrace, Glendale, California 91206",34.1507443,-118.2291341,3,
LA County-Harbor-UCLA Family Medicine Residency Program,FM,Existing,,,1,1,150000,Yes,FY21/22,Los Angeles,Tier 2,"1403 W Lomita Blvd #102, Harbor City, California 90710",33.7981485,-118.302118,2,
UCLA David Geffen School of Medicine/UCLA Medical Center Family Medicine Residency Training Program,FM,Existing,,,1,1,150000,Yes,FY21/22,Los Angeles,Tier 2,"1920 Colorado Avenue, Santa Monica, California 90404",33.9254883,-118.2428859,1,
Mission Community Hospital Family Medicine Residency Program ,FM,New,1,,,1,225000,Yes,FY21/22,Los Angeles,Tier 2,"14850 Roscoe Blvd., Panorama City, California 91402",34.2202962,-118.456665,1,
Emanate Health (Citrus Valley Health Partners) Family Medicine Residency Program,FM,Existing,,,1,1,150000,Yes,FY21/22,Los Angeles,Tier 2,"1115 South Sunset Ave, West Covina, California 91790",34.0632472,-117.9446757,2,
Prime West Consortium/Chino Valley Medical Center Family Medicine Residency Program,FM,Expanding,,1,,1,180000,Yes,FY21/22,Los Angeles,Tier 2,"5451 Walnut Ave, Chino, California 91710",33.7640283,-116.4005306,1,
Adventist Health White Memorial Family Medicine Residency Program,FM,Existing,,,1,1,150000,Yes,FY21/22,Los Angeles,Tier 2,"1720 E. Cesar Chavez Ave., Los Angeles, California 90033",34.0495414,-118.2173882,1,
AltaMed Health Services Corporation Family Medicine Residency,FM,New,3,,,3,675000,Yes,FY21/22,Los Angeles,Tier 2,"2040 Camfield Ave, Los Angeles, California 90040",34.0079865,-118.1551935,1,
"Charles R Drew University of Medicine and Science, College of Medicine Family Medicine Residency Program",FM,Existing,,,1,1,150000,Yes,FY21/22,Los Angeles,Tier 2,"1731 East 120th Street, Los Angeles, California 90059",33.9254883,-118.2428859,2,
Mercy Medical Center (Merced) Family Medicine Residency Program,FM,Existing,,,3,3,450000,Yes,FY21/22,Merced,Tier 1,"315 Mercy Avenue, Ste. 301, Merced, California 95340",38.5518929,-121.4495587,1,
Natividad Medical Center Family Medicine Training Program,FM,Existing,,,1,1,150000,Yes,FY21/22,Monterey,Tier 2,"1441 Constitution Blvd, Salinas, California 93906",38.4648794,-121.4153493,1,
UC Irvine Family Medicine Residency Program,FM,Existing,,,3,3,450000,Yes,FY21/22,Orange,Tier 2,"101 The City Drive South, Orange, California 92867",33.7871656,-117.8883532,2,
Riverside University Health System/UCR Family Medicine Residency Program ,FM,Existing,,,3,3,450000,Yes,FY21/22,Riverside,Tier 1,"26520 Cactus Ave , Moreno Valley, California 92555",33.9121342,-117.1957233,2,
Eisenhower Medical Center Family Medicine Residency Program,FM,Existing,,,3,3,450000,Yes,FY21/22,Riverside,Tier 1,"39000 Bob Hope Drive, Rancho Mirage, California 92270",33.7640283,-116.4005306,1,
Riverside Community Hospital/UCR Family Medicine Residency Program,FM,Existing,,,1,1,150000,Yes,FY21/22,Riverside,Tier 1,"4445 Magnolia Ave, Riverside, California 92501",37.7557238,-122.4047401,1,
UC Riverside School of Medicine/Saint Bernardine Medical Center Family Medicine Residency Program,FM,Existing,,,1,1,150000,Yes,FY21/22,Riverside,Tier 1,"900 University Avenue, University of California, Riverside, California 92521",37.9732792,-121.2896716,1,
KPC Health - Hemet Global Medical Center Family Medicine Residency Program.,FM,Existing,,,1,1,150000,Yes,FY21/22,Riverside,Tier 1,"9 KPC Pkwy, Corona, California 92879",33.8867837,-117.514452,1,
Desert Regional Medical Center Family Medicine Residency Program,FM,New,1,,,1,225000,Yes,FY21/22,Riverside,Tier 1,"555 E. Tachevah Dr., #2E-204, Palm Springs, California 92262",33.8372648,-116.5415181,2,
UHS Southern California Medical Education Consortium FM,FM,New,3,,,3,675000,Yes,FY21/22,Riverside,Tier 1,"31700 Temecula Pkwy., Parkway Suites #1-GME, Temecula, California 92592",33.480884,-117.1062151,1,
Loma Linda University Medical Center - Murrieta Family Medicine Residency Program ,FM,New,1,,,1,225000,Yes,FY21/22,Riverside,Tier 1,"28062 Baxter Road, Murrieta, California 92563",37.6640831,-120.9959219,2,
UC Davis Health Family Medicine Residency Program,FM,Existing,,,1,1,150000,Yes,FY21/22,Sacramento,Tier 2,"4860 Y Street, Suite 2320, Sacramento, California 95817",38.5518929,-121.4495587,1,
Dignity Health Methodist Hospital of Sacramento Family Medicine Residency Program,FM,Existing,,,1,1,150000,Yes,FY21/22,Sacramento,Tier 2,"7601 Hospital Drive #207, Sacramento, California 95823",38.4648794,-121.4153493,1,
Loma Linda University Health Education Consortium Family Medicine Residency Program,FM,Expanding,,2,1,3,510000,Yes,FY21/22,San Bernardino,Tier 1,"1200 California St Suite 240, Redlands, California 92374",36.7436822,-119.7822441,2,
Arrowhead Regional Medical Center Family Medicine Residency Program,FM,Existing,,,1,1,150000,Yes,FY21/22,San Bernardino,Tier 1,"400 North Pepper Ave., Colton, California 92324",34.0752955,-117.3512727,2,
Family Health Centers of San Diego Family Medicine Residency Training Program,FM,Existing,,,1,1,150000,Yes,FY21/22,San Diego,Tier 2,"823 Gateway Center Way, San Diego, California 92102",33.8297109,-118.2949821,1,
Scripps Mercy Hospital Family Medicine Residency Program,FM,Expanding,,1,,1,180000,Yes,FY21/22,San Diego,Tier 2,"435 H Street  CV-112, Chula Vista, California 91910",32.63370456,-117.0835639,1,
UCSF FM,FM,Existing,,,1,1,150000,Yes,FY21/22,San Francisco,Tier 3,"1001 Potrero Ave, San Francisco, California 94110",37.7557238,-122.4047401,1,
St. Joseph's Medical Center Family Medicine Residency Program,FM,Existing,,,1,1,150000,Yes,FY21/22,San Joaquin,Tier 1,"2102 N California Street, Stockton, California 95204",37.9732792,-121.2896716,2,
San Joaquin General Hospital Family Medicine Residency Program,FM,Existing,,,3,3,450000,Yes,FY21/22,San Joaquin,Tier 1,"500 W. Hospital Road, French Camp, California 95231",37.8861911,-121.2834797,1,
Marian Regional Medical Center Family Medicine Residency Program,FM,Existing,,,1,1,150000,Yes,FY21/22,Santa Barbara,Tier 2,"1400 East Church Street, Santa Maria, California 93454",34.050424,-117.2640752,3,
Stanford Health Care - Sponsored Stanford University Family Medicine Residency Program,FM,Existing,,,1,1,150000,Yes,FY21/22,Santa Clara,Tier 3,"455 O'Connor Drive, #250, San Jose, California 95128",37.3266475,-121.940305,1,
Shasta Community Health Center Family Medicine Residency Program,FM,Existing,,,1,1,150000,Yes,FY21/22,Shasta,Tier 2,"1035 Placer Street, Redding, California 96001",34.1347931,-117.2769992,3,
Sutter Santa Rosa Regional Hospital/University of California (San Francisco) Family Medicine Residency Program,FM,Existing,,,1,1,150000,Yes,FY21/22,Sonoma,Tier 2,"3569 Round Barn Cir, Suite 200, Santa Rosa, California 95403",38.4797828,-122.729679,2,
Valley Consortium for Medical Education Family Medicine Residency Program,FM,Existing,,,1,1,150000,Yes,FY21/22,Stanislaus,Tier 2,"1400 Florida Avenue, Suite 102, Modesto, California 95350",37.6640831,-120.9959219,1,
Adventist Health Tulare Family Medicine Residency Program,FM,New,1,,,1,225000,Yes,FY21/22,Tulare,Tier 1,"869 N Cherry St, Tulare, California 93274",36.2211168,-119.3385333,2,
Kaweah Delta Healthcare District Family Medicine Residency Program,FM,Existing,,,1,1,150000,Yes,FY21/22,Tulare,Tier 1,"400 W Mineral King Ave, Visalia, California 93291",37.9732792,-121.2896716,1,
Ventura County Medical Center Family Medicine Residency Program,FM,Existing,,,1,1,150000,Yes,FY21/22,Ventura,Tier 2,"300 Hillmont St, Ventura, California 93003",34.2772969,-119.2529839,1,
Community Memorial Health System Family Medicine Residency Program,FM,Existing,,,1,1,150000,Yes,FY21/22,Ventura,Tier 2,"147 N. Brent Street, Ventura, California 93003",34.2067796,-118.8830898,1,
Alameda Health System-Highland Hospital Internal Medicine Residency Program ,IM,Existing,,,2,2,300000,Yes,FY21/22,Alameda,Tier 3,"1411 East 31st Street, OAKLAND, California 94602",35.3829347,-118.9705331,3,
UCSF Fresno Internal Medicine Residency Training Program,IM,Existing,,,1,1,150000,Yes,FY21/22,Fresno,Tier 1,"155 N. Fresno Street, Suite 307, Fresno, California 93701",36.7436822,-119.7822441,1,
Kern Medical Center Internal Medicine Residency Program,IM,Existing,,,2,2,300000,Yes,FY21/22,Kern,Tier 1,"1700 Mount Vernon Avenue, Bakersfield, California 93306",35.3829347,-118.9705331,1,
Adventist Health White Memorial Internal Medicine Residency Program,IM,Expanding,,1,,1,180000,Yes,FY21/22,Los Angeles,Tier 2,"1720 E. Cesar E. Chavez Avenue, Los Angeles, California 90033",34.0495414,-118.2173882,1,
LA County-Harbor-UCLA Internal Medicine Program,IM,Existing,,,1,1,150000,Yes,FY21/22,Los Angeles,Tier 2,"1000 West Carson, Torrance , California 90505",33.8297109,-118.2949821,1,
Olive View/UCLA Medical Center Internal Medicine,IM,Existing,,,2,2,300000,Yes,FY21/22,Los Angeles,Tier 2,"14445 Olive View Drive, Sylmar, California 91342",37.8371901,-122.2670282,1,
Prime West Consortium/Centinela Hospital Medical Center Internal Medicine Residency Program,IM,New,2,,,2,450000,Yes,FY21/22,Los Angeles,Tier 2,"555 E. Hardy Street, Inglewood, California 90301",33.9505544,-118.3479953,1,
University of Southern California/LAC+USC MEDCEN IM/PEDS,IM,Existing,,,1,1,200000,Yes,FY21/22,Los Angeles,Tier 2,"2051 Marengo St, Los Angeles, California 90033",34.0574308,-118.2071514,2,
OPTI West/College Medical Center Long Beach Internal Medicine Residency Program,IM,Existing,,,1,1,150000,Yes,FY21/22,Los Angeles,Tier 2,"2776 Pacific, Long Beach, California 90806",33.8069502,-118.1928532,2,
Prime West Consortium/West Anaheim Medical Center Internal Medicine Residency Program,IM,Existing,,,1,1,150000,Yes,FY21/22,Orange,Tier 2,"3033 W. Orange Avenue, Anaheim, California 92804",34.0574308,-118.2071514,1,
KPC Health - Hemet Global Medical Center Internal Medicine Residency Program ,IM,Existing,,,2,2,300000,Yes,FY21/22,Riverside,Tier 1,"9 KPC Pathway Drive, Corona, California 92879",33.8867837,-117.514452,1,
Loma Linda University Health Education Consortium Internal Medicine/Pediatrics Residency Program,IM,Existing,,,2,2,400000,Yes,FY21/22,Riverside,Tier 1,"11175 11175 Campus Street , Loma Linda , California 92354",34.050424,-117.2640752,1,Delete
Eisenhower Medical Center Internal Medicine Residency Program,IM,Existing,,,1,1,150000,Yes,FY21/22,Riverside,Tier 1,"39000 Bob Hope Drive, Rancho Mirage, California 92270",33.7640283,-116.4005306,1,
Riverside University Health System Internal Medicine Residency Program,IM,New,3,,,3,675000,Yes,FY21/22,Riverside,Tier 1,"26520 Cactus Ave, Moreno Valley, California 92555",34.050036,-117.2638456,2,
HCA Healthcare Riverside Internal Medicine Residency Program,IM,Existing,,,1,1,150000,Yes,FY21/22,Riverside,Tier 1,"4445 Magnolia Ave, Riverside, California 92501",37.7675502,-122.3903803,1,
UC Riverside/St. Bernardine Internal Medicine Residency Program,IM,New,1,,,1,225000,Yes,FY21/22,Riverside,Tier 1,"2101 N Waterman Avenue, San Bernardino, California 92404",34.1347931,-117.2769992,1,
Loma Linda University Health Education Consortium Internal Medicine Residency Program,IM,Existing,,,3,3,450000,Yes,FY21/22,San Bernardino,Tier 1,"11234 Anderson St MC-1503, Loma Linda, California 92354",34.0493963,-117.2641192,2,
Prime West Consortium - Desert Valley Hospital Internal Medicine Residency Program,IM,New,1,,,1,225000,Yes,FY21/22,San Bernardino,Tier 1,"16850 Bear Valley Rd, Victorville, California 92395",34.4722857,-117.2980128,1,
Arrowhead Regional Medical Center Internal Medicine Residency Program,IM,Expanding,,2,2,4,660000,Yes,FY21/22,San Bernardino,Tier 1,"400 N. Pepper Ave., Colton, California 92324",34.07422886,-117.3506422,1,
San Ysidro Health Internal Medicine Residency Training Program,IM,New,2,,,2,450000,Yes,FY21/22,San Diego,Tier 2,"1601 Precision Park Lane, San Diego, California 92173",32.6790721,-117.1035539,1,
San Joaquin General Hospital Internal Medicine Residency Program,IM,Existing,,,2,2,300000,Yes,FY21/22,San Joaquin,Tier 1,"500  W Hospital Rd, French Camp, California 95231",37.88640277,-121.2831471,1,
St. Joseph's Medical Center Internal Medicine Residency Program,IM,New,1,,,1,225000,Yes,FY21/22,San Joaquin,Tier 1,"2102 N. California Street, Stockton, California 95204",37.9732792,-121.2896716,1,
Prime West Consortium/Shasta Regional Medical Center Internal Medicine Residency Program,IM,New,1,,,1,225000,Yes,FY21/22,Shasta,Tier 2,"1100 Butte Street, Redding, California 96001",40.5855541,-122.3877573,1,
Community Memorial Health System Internal Medicine Residency Program,IM,Existing,,,1,1,150000,Yes,FY21/22,Ventura,Tier 2,"147 N. Brent Street, Ventura, California 93003",34.2746498,-119.257686,1,
Los Robles Regional Medicla Center Internal Medicine Residency Program,IM,New,1,,,1,225000,Yes,FY21/22,Ventura,Tier 2,"215 West Janss Road, Thousand Oaks, California 91360",34.2067796,-118.8830898,1,
UCSF Fresno Obstetrics and Gynecology Residency Training Program,OBGYN,Existing,,,3,3,600000,Yes,FY21/22,Fresno,Tier 1,"155 N Fresno St., Fresno, California 93701",36.74381414,-119.7823593,2,
Kern Medical Center Obstetrics and Gynecology Residency Program,OBGYN,Existing,,,2,2,400000,Yes,FY21/22,Kern,Tier 1,"1700 Mount Vernon Avenue, Bakersfield, California 93306",35.3829347,-118.9705331,1,
Adventist Health White Memorial Obstetrics and Gynecology Residency,OBGYN,Existing,,,3,3,600000,Yes,FY21/22,Los Angeles,Tier 2,"1720 Cesar E. Chavez Ave, Los Angeles, California 90033",34.0495414,-118.2173882,1,
University of Southern California/LAC+USC Medical Center Ob/Gyn Residency Program,OBGYN,Existing,,,5,5,1000000,Yes,FY21/22,Los Angeles,Tier 2,"1200 North State St., Los Angeles, California 90033",34.0579744,-118.2087976,2,
HCA Healthcare Riverside OBGYN Residency Program,OBGYN,New,5,,,5,1500000,Yes,FY21/22,Riverside,Tier 1,"4445 Magnolia Ave, Riverside, California 92501",33.97726577,-117.3809471,1,
Loma Linda University Health Education Consortium Obstetrics and Gynecology Residency ,OBGYN,Expanding,,2,3,5,1080000,Yes,FY21/22,San Bernardino,Tier 1,"11175 Campus St. CP-11105, Loma Linda, California 92354",34.050424,-117.2640752,1,
Arrowhead Regional Medical Center Obstetrics and Gynecology Residency Program,OBGYN,Existing,,,3,3,600000,Yes,FY21/22,San Bernardino,Tier 1,"400 N. Pepper Ave., Colton, California 92324",34.07422886,-117.3506422,1,
UCSF Obstetrics and Gynecology Residency Program,OBGYN,Existing,,,2,2,400000,Yes,FY21/22,San Francisco,Tier 3,"490 Illinois Street, Box 0132, San Francisco, California 94143",37.7661199,-122.3886089,3,
Marian Regional Medical Center Obstetrics and Gynecology Residency Program,OBGYN,New,2,,,2,600000,Yes,FY21/22,Santa Barbara,Tier 2,"1400 East Church Street, Santa Maria, California 93454",34.9513285,-120.411754,3,
UCSF Benioff Children's Hospital Oakland Pediatric Residency Program,Peds,Existing,,,2,2,300000,Yes,FY21/22,Alameda,Tier 3,"747 52nd Street, Oakland, California 94609",37.8371901,-122.2670282,4,
UCSF Fresno Pediatric Residency Program,Peds,Existing,,,5,5,750000,Yes,FY21/22,Fresno,Tier 1,"155 N Fresno St, Fresno, California 93701",36.7436056,-119.7821858,1,
UCLA David Geffen School of Medicine/UCLA MEDCEN PEDS,Peds,Existing,,,2,2,300000,Yes,FY21/22,Los Angeles,Tier 2,"10889 Wilshire Blvd, Suite 200, Mail Code 140648, Los Angeles, California 90095",34.0592649,-118.4431252,1,
Children's Hospital Los Angeles Pediatric Residency Program,Peds,Expanding,,2,2,4,660000,Yes,FY21/22,Los Angeles,Tier 2,"4650 Sunset Blvd, Los Angeles, California 90027",34.09781655,-118.2891695,1,
LA County-Harbor-UCLA Medical Center Pediatric Residency Program,Peds,Existing,,,2,2,300000,Yes,FY21/22,Los Angeles,Tier 2,"1000 W. Carson St., Torrance, California 90509",33.8297109,-118.2949821,1,
University of Southern California/LAC+USC MEDCEN IM/PEDS,Peds,Existing,,,2,2,400000,Yes,FY21/22,Los Angeles,Tier 2,"2051 Marengo St, Los Angeles, California 90033",34.0574308,-118.2071514,2,
University of Southern California/LAC+USC Medical Center Pediatric Residency Program,Peds,Existing,,,1,1,150000,Yes,FY21/22,Los Angeles,Tier 2,"2020 Zonal Ave. IRD-110, Los Angeles, California 91344",34.0590574,-118.2065663,1,
Valley Children's Healthcare Pediatric Residency Program,Peds,Existing,,,2,2,300000,Yes,FY21/22,Madera,Tier 1,"9300 Valley Children's Place, Madera , California 93636",36.8840366,-119.8003218,1,
UC Irvine - Children's Hospital Orange County Pediatric Residency Program,Peds,Existing,,,4,4,600000,Yes,FY21/22,Orange,Tier 2,"505 S. Main Street, Suite 525, Orange, California 92868",33.7798215,-117.8665466,3,
UC Davis Health Pediatric Residency,Peds,Existing,,,3,3,450000,Yes,FY21/22,Sacramento,Tier 2,"2516 Stockton Blvd, Sacramento, California 95817",38.55256987,-121.4565858,2,
Loma Linda University Health Education Consortium Pediatric Residency Program,Peds,Existing,,,5,5,750000,Yes,FY21/22,San Bernardino,Tier 1,"11175 Campus St. CP-A1121, Loma Linda, California 92354",34.050036,-117.2638456,1,
UCSF Pediatric Leadership for the Under-Served (PLUS) Program,Peds,Existing,,,2,2,300000,Yes,FY21/22,San Francisco,Tier 3,"550 16th Street 4th floor , San Francisco, California 94143",37.7675502,-122.3903803,3,
Stanford Health Care - Sponsored Stanford University Pediatric,Peds,Expanding,,3,,3,540000,Yes,FY21/22,San Mateo,Tier 2,"725 Welch Rd., Palo Alto, California 94304",37.44074025,-122.1489488,1,
Stanford Health Care Sponsored - Sponsored Stanford University PEDS/Anesthesiology,Peds,Existing,,,2,2,250000,Yes,FY21/22,San Mateo,Tier 2,"725 Welch Rd., Palo Alto, California 94304",37.44074025,-122.1489488,1,
Santa Barbara Cottage Children's Medical Center Pediatric Residency Program,Peds,New,3,,,3,675000,Yes,FY21/22,Santa Barbara,Tier 2,"400 West Pueblo Street, Santa Barbara, California 93105",34.4295357,-119.7241169,1,
